uuid,name,description,class,shortname,datatype,units,High Normal,Low Normal,locale,synonym.1,synonym.2,answer.1,answer.2,answer.3,answer.4,answer.5,answer.6,answer.7,answer.8,answer.9,answer.10,answer.11,answer.12,answer.13,answer.14,answer.15,answer.16,answer.17,answer.18,answer.19,answer.20,answer.21,answer.22,answer.23,answer.24,answer.25,answer.26,answer.27,answer.28,answer.29,answer.30,answer.31,answer.32,answer.33,answer.34,answer.35,answer.36,answer.37,answer.38,answer.39,answer.40,answer.41,answer.42,answer.43,answer.44,answer.45,answer.46,answer.47,answer.48,answer.49,answer.50,answer.51,answer.52,answer.53,answer.54,answer.55,answer.56,answer.57,answer.58,answer.59,answer.60,answer.61,answer.62,answer.63,answer.64,reference-term-source,reference-term-code,reference-term-relationship
,Bones and Tissues,,Misc,,N/A,,,,,,,,,,,,,,,,,,,,,,,,,,,,,,,,,,,,,,,,,,,,,,,,,,,,,,,,,,,,,,,,,,,,,,,,,
,Swab,,Misc,,N/A,,,,,,,,,,,,,,,,,,,,,,,,,,,,,,,,,,,,,,,,,,,,,,,,,,,,,,,,,,,,,,,,,,,,,,,,,
,"Microbiology, Urine",,Misc,Urine,N/A,,,,,,,,,,,,,,,,,,,,,,,,,,,,,,,,,,,,,,,,,,,,,,,,,,,,,,,,,,,,,,,,,,,,,,,,,
,CSF,,Misc,,N/A,,,,,,,,,,,,,,,,,,,,,,,,,,,,,,,,,,,,,,,,,,,,,,,,,,,,,,,,,,,,,,,,,,,,,,,,,
,Blood Culture,,Misc,,N/A,,,,,,,,,,,,,,,,,,,,,,,,,,,,,,,,,,,,,,,,,,,,,,,,,,,,,,,,,,,,,,,,,,,,,,,,,
,Other,,Misc,,N/A,,,,,,,,,,,,,,,,,,,,,,,,,,,,,,,,,,,,,,,,,,,,,,,,,,,,,,,,,,,,,,,,,,,,,,,,,
,Growth,,Misc,,N/A,,,,,,,,,,,,,,,,,,,,,,,,,,,,,,,,,,,,,,,,,,,,,,,,,,,,,,,,,,,,,,,,,,,,,,,,,
,Staph aureus,,Misc,,N/A,,,,,,,,,,,,,,,,,,,,,,,,,,,,,,,,,,,,,,,,,,,,,,,,,,,,,,,,,,,,,,,,,,,,,,,,,
,Positive agglutination to Strep group,,Misc,,N/A,,,,,,,,,,,,,,,,,,,,,,,,,,,,,,,,,,,,,,,,,,,,,,,,,,,,,,,,,,,,,,,,,,,,,,,,,
,Suspicion of enterobacteria,,Misc,,N/A,,,,,,,,,,,,,,,,,,,,,,,,,,,,,,,,,,,,,,,,,,,,,,,,,,,,,,,,,,,,,,,,,,,,,,,,,
,Suspicion of non-fermenting Gram negative bacilli,,Misc,,N/A,,,,,,,,,,,,,,,,,,,,,,,,,,,,,,,,,,,,,,,,,,,,,,,,,,,,,,,,,,,,,,,,,,,,,,,,,
,"Answer, Intermediate Identification",,Misc,Intermediate Identification,N/A,,,,,,,,,,,,,,,,,,,,,,,,,,,,,,,,,,,,,,,,,,,,,,,,,,,,,,,,,,,,,,,,,,,,,,,,,
,"Answer, Final Identification",,Misc,Final Identification,N/A,,,,,,,,,,,,,,,,,,,,,,,,,,,,,,,,,,,,,,,,,,,,,,,,,,,,,,,,,,,,,,,,,,,,,,,,,
,Acinetobacter baumannii,,Misc,,N/A,,,,,aba,,,,,,,,,,,,,,,,,,,,,,,,,,,,,,,,,,,,,,,,,,,,,,,,,,,,,,,,,,,,,,,,,,,,
,Bacteroides fragilis,,Misc,,N/A,,,,,bfr,,,,,,,,,,,,,,,,,,,,,,,,,,,,,,,,,,,,,,,,,,,,,,,,,,,,,,,,,,,,,,,,,,,,
,Burkholderia cepacia,,Misc,,N/A,,,,,pce,,,,,,,,,,,,,,,,,,,,,,,,,,,,,,,,,,,,,,,,,,,,,,,,,,,,,,,,,,,,,,,,,,,,
,Campylobacter coli,,Misc,,N/A,,,,,cco,,,,,,,,,,,,,,,,,,,,,,,,,,,,,,,,,,,,,,,,,,,,,,,,,,,,,,,,,,,,,,,,,,,,
,Campylobacter jejuni ss. jejuni,,Misc,,N/A,,,,,caj,,,,,,,,,,,,,,,,,,,,,,,,,,,,,,,,,,,,,,,,,,,,,,,,,,,,,,,,,,,,,,,,,,,,
,Candida albicans,,Misc,,N/A,,,,,cal,,,,,,,,,,,,,,,,,,,,,,,,,,,,,,,,,,,,,,,,,,,,,,,,,,,,,,,,,,,,,,,,,,,,
,Citrobacter freundii,,Misc,,N/A,,,,,cfr,,,,,,,,,,,,,,,,,,,,,,,,,,,,,,,,,,,,,,,,,,,,,,,,,,,,,,,,,,,,,,,,,,,,
,Corynebacterium sp. (diphtheroids),,Misc,,N/A,,,,,cdp,,,,,,,,,,,,,,,,,,,,,,,,,,,,,,,,,,,,,,,,,,,,,,,,,,,,,,,,,,,,,,,,,,,,
,Cytomegalovirus,,Misc,,N/A,,,,,cmv,,,,,,,,,,,,,,,,,,,,,,,,,,,,,,,,,,,,,,,,,,,,,,,,,,,,,,,,,,,,,,,,,,,,
,Enterobacter aerogenes,,Misc,,N/A,,,,,eae,,,,,,,,,,,,,,,,,,,,,,,,,,,,,,,,,,,,,,,,,,,,,,,,,,,,,,,,,,,,,,,,,,,,
,Enterobacter cloacae,,Misc,,N/A,,,,,ecl,,,,,,,,,,,,,,,,,,,,,,,,,,,,,,,,,,,,,,,,,,,,,,,,,,,,,,,,,,,,,,,,,,,,
,Enterococcus avium,,Misc,,N/A,,,,,eav,,,,,,,,,,,,,,,,,,,,,,,,,,,,,,,,,,,,,,,,,,,,,,,,,,,,,,,,,,,,,,,,,,,,
,Enterococcus faecalis,,Misc,,N/A,,,,,efa,,,,,,,,,,,,,,,,,,,,,,,,,,,,,,,,,,,,,,,,,,,,,,,,,,,,,,,,,,,,,,,,,,,,
,Enterococcus faecium,,Misc,,N/A,,,,,efm,,,,,,,,,,,,,,,,,,,,,,,,,,,,,,,,,,,,,,,,,,,,,,,,,,,,,,,,,,,,,,,,,,,,
,Enterococcus sp.,,Misc,,N/A,,,,,ent,,,,,,,,,,,,,,,,,,,,,,,,,,,,,,,,,,,,,,,,,,,,,,,,,,,,,,,,,,,,,,,,,,,,
,Epstein-Barr virus,,Misc,,N/A,,,,,ebv,,,,,,,,,,,,,,,,,,,,,,,,,,,,,,,,,,,,,,,,,,,,,,,,,,,,,,,,,,,,,,,,,,,,
,Escherichia coli,,Misc,,N/A,,,,,eco,,,,,,,,,,,,,,,,,,,,,,,,,,,,,,,,,,,,,,,,,,,,,,,,,,,,,,,,,,,,,,,,,,,,
,Escherichia coli O157:H7,,Misc,,N/A,,,,,157,,,,,,,,,,,,,,,,,,,,,,,,,,,,,,,,,,,,,,,,,,,,,,,,,,,,,,,,,,,,,,,,,,,,
,Haemophilus influenzae,,Misc,,N/A,,,,,hin,,,,,,,,,,,,,,,,,,,,,,,,,,,,,,,,,,,,,,,,,,,,,,,,,,,,,,,,,,,,,,,,,,,,
,Haemophilus influenzae (non type b),,Misc,,N/A,,,,,hxb,,,,,,,,,,,,,,,,,,,,,,,,,,,,,,,,,,,,,,,,,,,,,,,,,,,,,,,,,,,,,,,,,,,,
,Haemophilus influenzae (type b),,Misc,,N/A,,,,,hib,,,,,,,,,,,,,,,,,,,,,,,,,,,,,,,,,,,,,,,,,,,,,,,,,,,,,,,,,,,,,,,,,,,,
,Hepatitis A virus,,Misc,,N/A,,,,,hav,,,,,,,,,,,,,,,,,,,,,,,,,,,,,,,,,,,,,,,,,,,,,,,,,,,,,,,,,,,,,,,,,,,,
,Hepatitis B virus,,Misc,,N/A,,,,,hbc,,,,,,,,,,,,,,,,,,,,,,,,,,,,,,,,,,,,,,,,,,,,,,,,,,,,,,,,,,,,,,,,,,,,
,Hepatitis C virus,,Misc,,N/A,,,,,hcv,,,,,,,,,,,,,,,,,,,,,,,,,,,,,,,,,,,,,,,,,,,,,,,,,,,,,,,,,,,,,,,,,,,,
,Herpes simplex virus,,Misc,,N/A,,,,,hsv,,,,,,,,,,,,,,,,,,,,,,,,,,,,,,,,,,,,,,,,,,,,,,,,,,,,,,,,,,,,,,,,,,,,
,Herpes simplex virus 1,,Misc,,N/A,,,,,hs1,,,,,,,,,,,,,,,,,,,,,,,,,,,,,,,,,,,,,,,,,,,,,,,,,,,,,,,,,,,,,,,,,,,,
,Herpes simplex virus 2,,Misc,,N/A,,,,,hs2,,,,,,,,,,,,,,,,,,,,,,,,,,,,,,,,,,,,,,,,,,,,,,,,,,,,,,,,,,,,,,,,,,,,
,Human herpesvirus,,Misc,,N/A,,,,,hhv,,,,,,,,,,,,,,,,,,,,,,,,,,,,,,,,,,,,,,,,,,,,,,,,,,,,,,,,,,,,,,,,,,,,
,Human papillomavirus,,Misc,,N/A,,,,,hpv,,,,,,,,,,,,,,,,,,,,,,,,,,,,,,,,,,,,,,,,,,,,,,,,,,,,,,,,,,,,,,,,,,,,
,Influenza A virus,,Misc,,N/A,,,,,iva,,,,,,,,,,,,,,,,,,,,,,,,,,,,,,,,,,,,,,,,,,,,,,,,,,,,,,,,,,,,,,,,,,,,
,Influenza B virus,,Misc,,N/A,,,,,ivb,,,,,,,,,,,,,,,,,,,,,,,,,,,,,,,,,,,,,,,,,,,,,,,,,,,,,,,,,,,,,,,,,,,,
,Klebsiella pneumoniae ss. pneumoniae,,Misc,,N/A,,,,,kpn,,,,,,,,,,,,,,,,,,,,,,,,,,,,,,,,,,,,,,,,,,,,,,,,,,,,,,,,,,,,,,,,,,,,
,Listeria monocytogenes,,Misc,,N/A,,,,,lmo,,,,,,,,,,,,,,,,,,,,,,,,,,,,,,,,,,,,,,,,,,,,,,,,,,,,,,,,,,,,,,,,,,,,
,Mixed bacterial species present,,Misc,,N/A,,,,,mix,,,,,,,,,,,,,,,,,,,,,,,,,,,,,,,,,,,,,,,,,,,,,,,,,,,,,,,,,,,,,,,,,,,,
,Moraxella (Branh.) catarrhalis,,Misc,,N/A,,,,,bca,,,,,,,,,,,,,,,,,,,,,,,,,,,,,,,,,,,,,,,,,,,,,,,,,,,,,,,,,,,,,,,,,,,,
,Morganella morganii ss. morganii,,Misc,,N/A,,,,,mmo,,,,,,,,,,,,,,,,,,,,,,,,,,,,,,,,,,,,,,,,,,,,,,,,,,,,,,,,,,,,,,,,,,,,
,Mycobacterium avium-intracellulare complex,,Misc,,N/A,,,,,mai,,,,,,,,,,,,,,,,,,,,,,,,,,,,,,,,,,,,,,,,,,,,,,,,,,,,,,,,,,,,,,,,,,,,
,Mycobacterium tuberculosis,,Misc,,N/A,,,,,mtu,,,,,,,,,,,,,,,,,,,,,,,,,,,,,,,,,,,,,,,,,,,,,,,,,,,,,,,,,,,,,,,,,,,,
,Neisseria gonorrhoeae,,Misc,,N/A,,,,,ngo,,,,,,,,,,,,,,,,,,,,,,,,,,,,,,,,,,,,,,,,,,,,,,,,,,,,,,,,,,,,,,,,,,,,
,Neisseria meningitidis,,Misc,,N/A,,,,,nme,,,,,,,,,,,,,,,,,,,,,,,,,,,,,,,,,,,,,,,,,,,,,,,,,,,,,,,,,,,,,,,,,,,,
,No Growth,,Misc,,N/A,,,,,xxx,,,,,,,,,,,,,,,,,,,,,,,,,,,,,,,,,,,,,,,,,,,,,,,,,,,,,,,,,,,,,,,,,,,,
,Normal flora,,Misc,,N/A,,,,,nor,,,,,,,,,,,,,,,,,,,,,,,,,,,,,,,,,,,,,,,,,,,,,,,,,,,,,,,,,,,,,,,,,,,,
,Oral flora,,Misc,,N/A,,,,,ora,,,,,,,,,,,,,,,,,,,,,,,,,,,,,,,,,,,,,,,,,,,,,,,,,,,,,,,,,,,,,,,,,,,,
,Proteus mirabilis,,Misc,,N/A,,,,,pmi,,,,,,,,,,,,,,,,,,,,,,,,,,,,,,,,,,,,,,,,,,,,,,,,,,,,,,,,,,,,,,,,,,,,
,Pseudomonas aeruginosa,,Misc,,N/A,,,,,pae,,,,,,,,,,,,,,,,,,,,,,,,,,,,,,,,,,,,,,,,,,,,,,,,,,,,,,,,,,,,,,,,,,,,
,Respiratory syncytial virus,,Misc,,N/A,,,,,rsv,,,,,,,,,,,,,,,,,,,,,,,,,,,,,,,,,,,,,,,,,,,,,,,,,,,,,,,,,,,,,,,,,,,,
,Salmonella enteritidis,,Misc,,N/A,,,,,sen,,,,,,,,,,,,,,,,,,,,,,,,,,,,,,,,,,,,,,,,,,,,,,,,,,,,,,,,,,,,,,,,,,,,
,Salmonella sp.,,Misc,,N/A,,,,,sal,,,,,,,,,,,,,,,,,,,,,,,,,,,,,,,,,,,,,,,,,,,,,,,,,,,,,,,,,,,,,,,,,,,,
,Salmonella typhi,,Misc,,N/A,,,,,sat,,,,,,,,,,,,,,,,,,,,,,,,,,,,,,,,,,,,,,,,,,,,,,,,,,,,,,,,,,,,,,,,,,,,
,Salmonella typhimurium,,Misc,,N/A,,,,,sam,,,,,,,,,,,,,,,,,,,,,,,,,,,,,,,,,,,,,,,,,,,,,,,,,,,,,,,,,,,,,,,,,,,,
,Serratia marcescens,,Misc,,N/A,,,,,sma,,,,,,,,,,,,,,,,,,,,,,,,,,,,,,,,,,,,,,,,,,,,,,,,,,,,,,,,,,,,,,,,,,,,
,Shigella boydii,,Misc,,N/A,,,,,shc,,,,,,,,,,,,,,,,,,,,,,,,,,,,,,,,,,,,,,,,,,,,,,,,,,,,,,,,,,,,,,,,,,,,
,Shigella boydii serotype 1,,Misc,,N/A,,,,,b01,,,,,,,,,,,,,,,,,,,,,,,,,,,,,,,,,,,,,,,,,,,,,,,,,,,,,,,,,,,,,,,,,,,,
,Staphylococcus aureus ss. aureus,,Misc,,N/A,,,,,sau,,,,,,,,,,,,,,,,,,,,,,,,,,,,,,,,,,,,,,,,,,,,,,,,,,,,,,,,,,,,,,,,,,,,
,Staphylococcus epidermidis,,Misc,,N/A,,,,,sep,,,,,,,,,,,,,,,,,,,,,,,,,,,,,,,,,,,,,,,,,,,,,,,,,,,,,,,,,,,,,,,,,,,,
,Staphylococcus saprophyticus ss. saprophyticus,,Misc,,N/A,,,,,sap,,,,,,,,,,,,,,,,,,,,,,,,,,,,,,,,,,,,,,,,,,,,,,,,,,,,,,,,,,,,,,,,,,,,
,"Staphylococcus, coagulase negative",,Misc,,N/A,,,,,scn,,,,,,,,,,,,,,,,,,,,,,,,,,,,,,,,,,,,,,,,,,,,,,,,,,,,,,,,,,,,,,,,,,,,
,Stenotrophomonas maltophilia,,Misc,,N/A,,,,,pma,,,,,,,,,,,,,,,,,,,,,,,,,,,,,,,,,,,,,,,,,,,,,,,,,,,,,,,,,,,,,,,,,,,,
,Streptococcus pneumoniae,,Misc,,N/A,,,,,spn,,,,,,,,,,,,,,,,,,,,,,,,,,,,,,,,,,,,,,,,,,,,,,,,,,,,,,,,,,,,,,,,,,,,
,"Streptococcus viridans, alpha-hem",,Misc,,N/A,,,,,svi,,,,,,,,,,,,,,,,,,,,,,,,,,,,,,,,,,,,,,,,,,,,,,,,,,,,,,,,,,,,,,,,,,,,
,"Streptococcus, beta-haem. Group A",,Misc,,N/A,,,,,bsa,,,,,,,,,,,,,,,,,,,,,,,,,,,,,,,,,,,,,,,,,,,,,,,,,,,,,,,,,,,,,,,,,,,,
,"Streptococcus, beta-haem. Group B",,Misc,,N/A,,,,,bsb,,,,,,,,,,,,,,,,,,,,,,,,,,,,,,,,,,,,,,,,,,,,,,,,,,,,,,,,,,,,,,,,,,,,
,Vibrio cholerae,,Misc,,N/A,,,,,vic,,,,,,,,,,,,,,,,,,,,,,,,,,,,,,,,,,,,,,,,,,,,,,,,,,,,,,,,,,,,,,,,,,,,
,Specimen Sample Source,,Misc,Specimen Sample Source,Coded,,,,,,,Bones and Tissues,Swab,"Microbiology, Urine",CSF,Blood Culture,Other,,,,,,,,,,,,,,,,,,,,,,,,,,,,,,,,,,,,,,,,,,,,,,,,,,,,,,,,,,,org.openmrs.module.bacteriology,SPECIMEN_SAMPLE_SOURCE,SAME-AS
,"Microbiology, Volume of collected blood",if sample type is blood culture,Misc,Volume of collected blood,Numeric,,,,,,,,,,,,,,,,,,,,,,,,,,,,,,,,,,,,,,,,,,,,,,,,,,,,,,,,,,,,,,,,,,,,,,,,,
,"Microbiology, Other Sample",,Misc,Other Sample,text,,,,,,,,,,,,,,,,,,,,,,,,,,,,,,,,,,,,,,,,,,,,,,,,,,,,,,,,,,,,,,,,,,,,,,,,,
,"Microbiology, Macroscopic appearance",,Misc,Macroscopic appearance,text,,,,,,,,,,,,,,,,,,,,,,,,,,,,,,,,,,,,,,,,,,,,,,,,,,,,,,,,,,,,,,,,,,,,,,,,,
,"Microbiology, Specimen Description",,Misc,Specimen Description,text,,,,,,,,,,,,,,,,,,,,,,,,,,,,,,,,,,,,,,,,,,,,,,,,,,,,,,,,,,,,,,,,,,,,,,,,,
,"Microbiology, CRP",,Misc,CRP,text,,,,,,,,,,,,,,,,,,,,,,,,,,,,,,,,,,,,,,,,,,,,,,,,,,,,,,,,,,,,,,,,,,,,,,,,,
,"Microbiology, Date of last CRP",,Misc,Date of last CRP,date,,,,,,,,,,,,,,,,,,,,,,,,,,,,,,,,,,,,,,,,,,,,,,,,,,,,,,,,,,,,,,,,,,,,,,,,,
,"Microbiology, Growth",,Misc,Growth,Coded,,,,,,,Growth,No Growth,,,,,,,,,,,,,,,,,,,,,,,,,,,,,,,,,,,,,,,,,,,,,,,,,,,,,,,,,,,,,,,,,
,"Microbiology, Comments",,Misc,Comments,Text,,,,,,,,,,,,,,,,,,,,,,,,,,,,,,,,,,,,,,,,,,,,,,,,,,,,,,,,,,,,,,,,,,,,,,,,,
,"Microbiology, Intermediate Identification",,Misc,Intermediate Identification,Coded,,,,,,,Staph aureus,Positive agglutination to Strep group,Suspicion of enterobacteria,Suspicion of non-fermenting Gram negative bacilli,,,,,,,,,,,,,,,,,,,,,,,,,,,,,,,,,,,,,,,,,,,,,,,,,,,,,,,,,,,,,,,
,"Microbiology, Comments for Intermediate Identification",,Misc,Comments,Text,,,,,,,,,,,,,,,,,,,,,,,,,,,,,,,,,,,,,,,,,,,,,,,,,,,,,,,,,,,,,,,,,,,,,,,,,
,"Microbiology, Final Identification",,Misc,Final Identification,Coded,,,,,,,Acinetobacter baumannii,Bacteroides fragilis,Burkholderia cepacia,Campylobacter coli,Campylobacter jejuni ss. jejuni,Candida albicans,Citrobacter freundii,Corynebacterium sp. (diphtheroids),Cytomegalovirus,Enterobacter aerogenes,Enterobacter cloacae,Enterococcus avium,Enterococcus faecalis,Enterococcus faecium,Enterococcus sp.,Epstein-Barr virus,Escherichia coli,Escherichia coli O157:H7,Haemophilus influenzae,Haemophilus influenzae (non type b),Haemophilus influenzae (type b),Hepatitis A virus,Hepatitis B virus,Hepatitis C virus,Herpes simplex virus,Herpes simplex virus 1,Herpes simplex virus 2,Human herpesvirus,Human papillomavirus,Influenza A virus,Influenza B virus,Klebsiella pneumoniae ss. pneumoniae,Listeria monocytogenes,Mixed bacterial species present,Moraxella (Branh.) catarrhalis,Morganella morganii ss. morganii,Mycobacterium avium-intracellulare complex,Mycobacterium tuberculosis,Neisseria gonorrhoeae,Neisseria meningitidis,No growth,Normal flora,Oral flora,Proteus mirabilis,Pseudomonas aeruginosa,Respiratory syncytial virus,Salmonella enteritidis,Salmonella sp.,Salmonella typhi,Salmonella typhimurium,Serratia marcescens,Shigella boydii,Shigella boydii serotype 1,Staphylococcus aureus ss. aureus,Staphylococcus epidermidis,Staphylococcus saprophyticus ss. saprophyticus,"Staphylococcus, coagulase negative",Stenotrophomonas maltophilia,Streptococcus pneumoniae,"Streptococcus viridans, alpha-hem","Streptococcus, beta-haem. Group A","Streptococcus, beta-haem. Group B",Vibrio cholerae,,,,
,Susceptible,,Misc,,N/A,,,,,,,,,,,,,,,,,,,,,,,,,,,,,,,,,,,,,,,,,,,,,,,,,,,,,,,,,,,,,,,,,,,,,,,,,
,Resistant,,Misc,,N/A,,,,,,,,,,,,,,,,,,,,,,,,,,,,,,,,,,,,,,,,,,,,,,,,,,,,,,,,,,,,,,,,,,,,,,,,,
,Intermediate,,Misc,,N/A,,,,,,,,,,,,,,,,,,,,,,,,,,,,,,,,,,,,,,,,,,,,,,,,,,,,,,,,,,,,,,,,,,,,,,,,,
,Sharp,,Misc,,N/A,,,,,,,,,,,,,,,,,,,,,,,,,,,,,,,,,,,,,,,,,,,,,,,,,,,,,,,,,,,,,,,,,,,,,,,,,
,Fuzzy,,Misc,,N/A,,,,,,,,,,,,,,,,,,,,,,,,,,,,,,,,,,,,,,,,,,,,,,,,,,,,,,,,,,,,,,,,,,,,,,,,,
,Positive,,Misc,,N/A,,,,,,,,,,,,,,,,,,,,,,,,,,,,,,,,,,,,,,,,,,,,,,,,,,,,,,,,,,,,,,,,,,,,,,,,,
,TOB,,Misc,,N/A,,,,,,,,,,,,,,,,,,,,,,,,,,,,,,,,,,,,,,,,,,,,,,,,,,,,,,,,,,,,,,,,,,,,,,,,,
,AK,,Misc,,N/A,,,,,,,,,,,,,,,,,,,,,,,,,,,,,,,,,,,,,,,,,,,,,,,,,,,,,,,,,,,,,,,,,,,,,,,,,
,Gram Positive Cocci,,Misc,,N/A,,,,,,,,,,,,,,,,,,,,,,,,,,,,,,,,,,,,,,,,,,,,,,,,,,,,,,,,,,,,,,,,,,,,,,,,,
,Gram Negative Bacilli,,Misc,,N/A,,,,,,,,,,,,,,,,,,,,,,,,,,,,,,,,,,,,,,,,,,,,,,,,,,,,,,,,,,,,,,,,,,,,,,,,,
,"Microbiology, Type of identification",,Misc,Type of identification,Coded,,,,,,,"Answer, Intermediate Identification","Answer, Final Identification",,,,,,,,,,,,,,,,,,,,,,,,,,,,,,,,,,,,,,,,,,,,,,,,,,,,,,,,,,,,,,,,,
,"Microbiology, Gram Stain",,Misc,Gram Stain,Coded,,,,,,,Gram Positive Cocci,Gram Negative Bacilli,,,,,,,,,,,,,,,,,,,,,,,,,,,,,,,,,,,,,,,,,,,,,,,,,,,,,,,,,,,,,,,,,
,"Microbiology, Latex Agglutination",,Misc,Latex Agglutination,Coded,,,,,,,Positive,Negative,,,,,,,,,,,,,,,,,,,,,,,,,,,,,,,,,,,,,,,,,,,,,,,,,,,,,,,,,,,,,,,,,
,"PS, Piperacillin",,Misc,Piperacillin,Coded,,,,,,,Susceptible,Resistant,Intermediate,,,,,,,,,,,,,,,,,,,,,,,,,,,,,,,,,,,,,,,,,,,,,,,,,,,,,,,,,,,,,,,,
,"PS, Ticarcillin",,Misc,Ticarcillin,Coded,,,,,,,Susceptible,Resistant,Intermediate,,,,,,,,,,,,,,,,,,,,,,,,,,,,,,,,,,,,,,,,,,,,,,,,,,,,,,,,,,,,,,,,
,"PS, Aztreonam",,Misc,Aztreonam,Coded,,,,,,,Susceptible,Resistant,Intermediate,,,,,,,,,,,,,,,,,,,,,,,,,,,,,,,,,,,,,,,,,,,,,,,,,,,,,,,,,,,,,,,,
,"PS, Tobramycine",,Misc,Tobramycine,Coded,,,,,,,Susceptible,Resistant,Intermediate,,,,,,,,,,,,,,,,,,,,,,,,,,,,,,,,,,,,,,,,,,,,,,,,,,,,,,,,,,,,,,,,
,"PS, Amikacin",,Misc,Amikacin,Coded,,,,,,,Susceptible,Resistant,Intermediate,,,,,,,,,,,,,,,,,,,,,,,,,,,,,,,,,,,,,,,,,,,,,,,,,,,,,,,,,,,,,,,,
,"PS, Ticar-clav ac",,Misc,Ticar-clav ac,Coded,,,,,,,Susceptible,Resistant,Intermediate,,,,,,,,,,,,,,,,,,,,,,,,,,,,,,,,,,,,,,,,,,,,,,,,,,,,,,,,,,,,,,,,
,"PS, Cefepime",,Misc,Cefepime,Coded,,,,,,,Susceptible,Resistant,Intermediate,,,,,,,,,,,,,,,,,,,,,,,,,,,,,,,,,,,,,,,,,,,,,,,,,,,,,,,,,,,,,,,,
,"PS, Imipenem",,Misc,Imipenem,Coded,,,,,,,Susceptible,Resistant,Intermediate,,,,,,,,,,,,,,,,,,,,,,,,,,,,,,,,,,,,,,,,,,,,,,,,,,,,,,,,,,,,,,,,
,"PS, Ceftazidime",,Misc,Ceftazidime,Coded,,,,,,,Susceptible,Resistant,Intermediate,,,,,,,,,,,,,,,,,,,,,,,,,,,,,,,,,,,,,,,,,,,,,,,,,,,,,,,,,,,,,,,,
,"PS, Gentamicine",,Misc,Gentamicine,Coded,,,,,,,Susceptible,Resistant,Intermediate,,,,,,,,,,,,,,,,,,,,,,,,,,,,,,,,,,,,,,,,,,,,,,,,,,,,,,,,,,,,,,,,
,"PS, Ciprofloxacin",,Misc,Ciprofloxacin,Coded,,,,,,,Susceptible,Resistant,Intermediate,,,,,,,,,,,,,,,,,,,,,,,,,,,,,,,,,,,,,,,,,,,,,,,,,,,,,,,,,,,,,,,,
,"PS, Meropenem",,Misc,Meropenem,Coded,,,,,,,Susceptible,Resistant,Intermediate,,,,,,,,,,,,,,,,,,,,,,,,,,,,,,,,,,,,,,,,,,,,,,,,,,,,,,,,,,,,,,,,
,"SA, Penicillin",,Misc,Penicillin,Coded,,,,,,,Susceptible,Resistant,Intermediate,,,,,,,,,,,,,,,,,,,,,,,,,,,,,,,,,,,,,,,,,,,,,,,,,,,,,,,,,,,,,,,,
,"SA, Penicillin sensitive zone:",,Misc,Penicillin sensitive zone:,Coded,,,,,,,Sharp,Fuzzy,,,,,,,,,,,,,,,,,,,,,,,,,,,,,,,,,,,,,,,,,,,,,,,,,,,,,,,,,,,,,,,,,
,"SA, Cefoxitin",,Misc,Cefoxitin,Coded,,,,,,,Susceptible,Resistant,Intermediate,,,,,,,,,,,,,,,,,,,,,,,,,,,,,,,,,,,,,,,,,,,,,,,,,,,,,,,,,,,,,,,,
,"SA, PBP2a (20 to 25):",If Cefoxitin zone size is between 20mm-25mm perform PBP2a test.,Misc,PBP2a (20 to 25):,Coded,,,,,,,Positive,Negative,,,,,,,,,,,,,,,,,,,,,,,,,,,,,,,,,,,,,,,,,,,,,,,,,,,,,,,,,,,,,,,,,
,"SA, Ciprofloxacin",,Misc,Ciprofloxacin,Coded,,,,,,,Susceptible,Resistant,Intermediate,,,,,,,,,,,,,,,,,,,,,,,,,,,,,,,,,,,,,,,,,,,,,,,,,,,,,,,,,,,,,,,,
,"SA, Norfloxacin",,Misc,Norfloxacin,Coded,,,,,,,Susceptible,Resistant,Intermediate,,,,,,,,,,,,,,,,,,,,,,,,,,,,,,,,,,,,,,,,,,,,,,,,,,,,,,,,,,,,,,,,
,"SA, Amikacin",,Misc,Amikacin,Coded,,,,,,,Susceptible,Resistant,Intermediate,,,,,,,,,,,,,,,,,,,,,,,,,,,,,,,,,,,,,,,,,,,,,,,,,,,,,,,,,,,,,,,,
,"SA, Gentamicin",,Misc,Gentamicin,Coded,,,,,,,Susceptible,Resistant,Intermediate,,,,,,,,,,,,,,,,,,,,,,,,,,,,,,,,,,,,,,,,,,,,,,,,,,,,,,,,,,,,,,,,
,"SA, Tobramycin",,Misc,Tobramycin,Coded,,,,,,,Susceptible,Resistant,Intermediate,,,,,,,,,,,,,,,,,,,,,,,,,,,,,,,,,,,,,,,,,,,,,,,,,,,,,,,,,,,,,,,,
,"SA, Erythromycin","Erythromycin can be used to determine susceptibility of azithromycin, clarithromycin and roxithromycin. Inducible clindamycin resistance can be detected by antagonism of clindamycin activity by a macrolide agent. If not detected, then report as susceptible. If detected, then report as resistant and add comment  ""Clindamycin may still be used for short-term therapy of less serious skin and soft tissue infections as constitutive resistance is unlikely to develop during such therapy""",Misc,Erythromycin,Coded,,,,,,,Susceptible,Resistant,Intermediate,,,,,,,,,,,,,,,,,,,,,,,,,,,,,,,,,,,,,,,,,,,,,,,,,,,,,,,,,,,,,,,,
,"SA, Clindamycin","Erythromycin can be used to determine susceptibility of azithromycin, clarithromycin and roxithromycin. Inducible clindamycin resistance can be detected by antagonism of clindamycin activity by a macrolide agent. If not detected, then report as susceptible. If detected, then report as resistant and add comment ""Clindamycin may still be used for short-term therapy of less serious skin and soft tissue infections as constitutive resistance is unlikely to develop during such therapy""",Misc,Clindamycin,Coded,,,,,,,Susceptible,Resistant,Intermediate,,,,,,,,,,,,,,,,,,,,,,,,,,,,,,,,,,,,,,,,,,,,,,,,,,,,,,,,,,,,,,,,
,"SA, D-zone:",,Misc,D-zone:,Coded,,,,,,,Positive,Negative,,,,,,,,,,,,,,,,,,,,,,,,,,,,,,,,,,,,,,,,,,,,,,,,,,,,,,,,,,,,,,,,,
,"SA, Chloramphenicol",,Misc,Chloramphenicol,Coded,,,,,,,Susceptible,Resistant,Intermediate,,,,,,,,,,,,,,,,,,,,,,,,,,,,,,,,,,,,,,,,,,,,,,,,,,,,,,,,,,,,,,,,
,"SA, Trimeth-Sulfa",,Misc,Trimeth-Sulfa,Coded,,,,,,,Susceptible,Resistant,Intermediate,,,,,,,,,,,,,,,,,,,,,,,,,,,,,,,,,,,,,,,,,,,,,,,,,,,,,,,,,,,,,,,,
,"SA, Fusidic acid",,Misc,Fusidic acid,Coded,,,,,,,Susceptible,Resistant,Intermediate,,,,,,,,,,,,,,,,,,,,,,,,,,,,,,,,,,,,,,,,,,,,,,,,,,,,,,,,,,,,,,,,
,"SA, Rifampicin",,Misc,Rifampicin,Coded,,,,,,,Susceptible,Resistant,Intermediate,,,,,,,,,,,,,,,,,,,,,,,,,,,,,,,,,,,,,,,,,,,,,,,,,,,,,,,,,,,,,,,,
,"SA, Vanc MIC",,Misc,Vanc MIC,Coded,,,,,,,Susceptible,Resistant,Intermediate,,,,,,,,,,,,,,,,,,,,,,,,,,,,,,,,,,,,,,,,,,,,,,,,,,,,,,,,,,,,,,,,
,"SS, Penicillin",,Misc,Penicillin,Coded,,,,,,,Susceptible,Resistant,Intermediate,,,,,,,,,,,,,,,,,,,,,,,,,,,,,,,,,,,,,,,,,,,,,,,,,,,,,,,,,,,,,,,,
,"SS, Chloramphenicol",,Misc,Chloramphenicol,Coded,,,,,,,Susceptible,Resistant,Intermediate,,,,,,,,,,,,,,,,,,,,,,,,,,,,,,,,,,,,,,,,,,,,,,,,,,,,,,,,,,,,,,,,
,"SS, Erythromycin","Erythromycin can be used to determine susceptibility of azithromycin, clarithromycin and roxithromycin. Inducible clindamycin resistance can be detected by antagonism of clindamycin activity by a macrolide agent. If not detected, then report as susceptible. If detected, then report as resistant and add comment ""Clindamycin may still be used for short-term therapy of less serious skin and soft tissue infections as constitutive resistance is unlikely to develop during such therapy""",Misc,Erythromycin,Coded,,,,,,,Susceptible,Resistant,Intermediate,,,,,,,,,,,,,,,,,,,,,,,,,,,,,,,,,,,,,,,,,,,,,,,,,,,,,,,,,,,,,,,,
,"SS, Clindamycin","Erythromycin can be used to determine susceptibility of azithromycin, clarithromycin and roxithromycin. Inducible clindamycin resistance can be detected by antagonism of clindamycin activity by a macrolide agent. If not detected, then report as susceptible. If detected, then report as resistant and add comment ""Clindamycin may still be used for short-term therapy of less serious skin and soft tissue infections as constitutive resistance is unlikely to develop during such therapy""",Misc,Clindamycin,Coded,,,,,,,Susceptible,Resistant,Intermediate,,,,,,,,,,,,,,,,,,,,,,,,,,,,,,,,,,,,,,,,,,,,,,,,,,,,,,,,,,,,,,,,
,"SS, D-zone:",,Misc,D-zone:,Coded,,,,,,,Positive,Negative,,,,,,,,,,,,,,,,,,,,,,,,,,,,,,,,,,,,,,,,,,,,,,,,,,,,,,,,,,,,,,,,,
,"SS, Norfloxacin",The norfloxacin disk diffusion test can be used to screen for fluoroquinolone resistance. Isolates categorised as susceptible to norfloxacin can be reported susceptible to levofloxacin and moxifloxacin. Isolates categorised as non-susceptible should be tested for susceptibility to individual agents.,Misc,Norfloxacin,Coded,,,,,,,Susceptible,Resistant,Intermediate,,,,,,,,,,,,,,,,,,,,,,,,,,,,,,,,,,,,,,,,,,,,,,,,,,,,,,,,,,,,,,,,
,"SS, Tetracycline",,Misc,Tetracycline,Coded,,,,,,,Susceptible,Resistant,Intermediate,,,,,,,,,,,,,,,,,,,,,,,,,,,,,,,,,,,,,,,,,,,,,,,,,,,,,,,,,,,,,,,,
,"ES, Ampicillin",,Misc,Ampicillin,Coded,,,,,,,Susceptible,Resistant,Intermediate,,,,,,,,,,,,,,,,,,,,,,,,,,,,,,,,,,,,,,,,,,,,,,,,,,,,,,,,,,,,,,,,
,"ES, Gentamicin",Enterococci are intrinsically resistant to aminoglycosides and aminoglycoside monotherapy is ineffective. There is likely to be synergy between aminoglycosides and penicillins or glycopeptides against enterococci without acquired high-level resistance. All testing is therefore to distinguish between intrinsic and high-level acquired resistance.  Gentamicin can be used to screen for high-level aminoglycoside resistance,Misc,Gentamicin,Coded,,,,,,,Susceptible,Resistant,Intermediate,,,,,,,,,,,,,,,,,,,,,,,,,,,,,,,,,,,,,,,,,,,,,,,,,,,,,,,,,,,,,,,,
,"ES, Vancomycin",,Misc,Vancomycin,Coded,,,,,,,Susceptible,Resistant,Intermediate,,,,,,,,,,,,,,,,,,,,,,,,,,,,,,,,,,,,,,,,,,,,,,,,,,,,,,,,,,,,,,,,
,"SP, Oxacillin",,misc,Oxacillin,coded,,,,,,,Susceptible,Resistant,Intermediate,,,,,,,,,,,,,,,,,,,,,,,,,,,,,,,,,,,,,,,,,,,,,,,,,,,,,,,,,,,,,,,,
,"SP, Trimeth-Sulfa",,misc,Trimeth-Sulfa,coded,,,,,,,Susceptible,Resistant,Intermediate,,,,,,,,,,,,,,,,,,,,,,,,,,,,,,,,,,,,,,,,,,,,,,,,,,,,,,,,,,,,,,,,
,"SP, Chloramphenicol",,misc,Chloramphenicol,coded,,,,,,,Susceptible,Resistant,Intermediate,,,,,,,,,,,,,,,,,,,,,,,,,,,,,,,,,,,,,,,,,,,,,,,,,,,,,,,,,,,,,,,,
,"SP, Erythromycin",,misc,Erythromycin,coded,,,,,,,Susceptible,Resistant,Intermediate,,,,,,,,,,,,,,,,,,,,,,,,,,,,,,,,,,,,,,,,,,,,,,,,,,,,,,,,,,,,,,,,
,"SP, Tetracycline",,misc,Tetracycline,coded,,,,,,,Susceptible,Resistant,Intermediate,,,,,,,,,,,,,,,,,,,,,,,,,,,,,,,,,,,,,,,,,,,,,,,,,,,,,,,,,,,,,,,,
,"SP, Norfloxacin",The norfloxacin disk diffusion test can be used to screen for fluoroquinolone resistance. Isolates categorised as susceptible to norfloxacin can be reported susceptible to levofloxacin and moxifloxacin. Isolates categorised as non-susceptible should be tested for susceptibility to individual agents,misc,Norfloxacin,coded,,,,,,,Susceptible,Resistant,Intermediate,,,,,,,,,,,,,,,,,,,,,,,,,,,,,,,,,,,,,,,,,,,,,,,,,,,,,,,,,,,,,,,,
,"SV, Penicillin",,misc,Penicillin,coded,,,,,,,Susceptible,Resistant,Intermediate,,,,,,,,,,,,,,,,,,,,,,,,,,,,,,,,,,,,,,,,,,,,,,,,,,,,,,,,,,,,,,,,
,"SV, Ampicillin",,misc,Ampicillin,coded,,,,,,,Susceptible,Resistant,Intermediate,,,,,,,,,,,,,,,,,,,,,,,,,,,,,,,,,,,,,,,,,,,,,,,,,,,,,,,,,,,,,,,,
,"SV, Erythromycin","Erythromycin can be used to determine susceptibility of azithromycin, clarithromycin and roxithromycin. Inducible clindamycin resistance can be detected by antagonism of clindamycin activity by a macrolide agent. If not detected, then report as susceptible. If detected, then report as resistant and add comment ""Clindamycin may still be used for short-term therapy of less serious skin and soft tissue infections as constitutive resistance is unlikely to develop during such therapy""",misc,Erythromycin,coded,,,,,,,Susceptible,Resistant,Intermediate,,,,,,,,,,,,,,,,,,,,,,,,,,,,,,,,,,,,,,,,,,,,,,,,,,,,,,,,,,,,,,,,
,"SV, Clindamycin","Erythromycin can be used to determine susceptibility of azithromycin, clarithromycin and roxithromycin. Inducible clindamycin resistance can be detected by antagonism of clindamycin activity by a macrolide agent. If not detected, then report as susceptible. If detected, then report as resistant and add comment ""Clindamycin may still be used for short-term therapy of less serious skin and soft tissue infections as constitutive resistance is unlikely to develop during such therapy""",misc,Clindamycin,coded,,,,,,,Susceptible,Resistant,Intermediate,,,,,,,,,,,,,,,,,,,,,,,,,,,,,,,,,,,,,,,,,,,,,,,,,,,,,,,,,,,,,,,,
,"SV, D-zone:",,misc,D-zone:,coded,,,,,,,Positive,Negative,,,,,,,,,,,,,,,,,,,,,,,,,,,,,,,,,,,,,,,,,,,,,,,,,,,,,,,,,,,,,,,,,
,"SV, Vancomycin",,misc,Vancomycin,coded,,,,,,,Susceptible,Resistant,Intermediate,,,,,,,,,,,,,,,,,,,,,,,,,,,,,,,,,,,,,,,,,,,,,,,,,,,,,,,,,,,,,,,,
,"SV, Ceftriaxone",,misc,Ceftriaxone,coded,,,,,,,Susceptible,Resistant,Intermediate,,,,,,,,,,,,,,,,,,,,,,,,,,,,,,,,,,,,,,,,,,,,,,,,,,,,,,,,,,,,,,,,
,"EB, Ampicillin",,misc,Ampicillin,coded,,,,,,,Susceptible,Resistant,Intermediate,,,,,,,,,,,,,,,,,,,,,,,,,,,,,,,,,,,,,,,,,,,,,,,,,,,,,,,,,,,,,,,,
,"EB, Amikacin",,misc,Amikacin,coded,,,,,,,Susceptible,Resistant,Intermediate,,,,,,,,,,,,,,,,,,,,,,,,,,,,,,,,,,,,,,,,,,,,,,,,,,,,,,,,,,,,,,,,
,"EB, amoxicillin-clav ac",,misc,amoxicillin-clav ac,coded,,,,,,,Susceptible,Resistant,Intermediate,,,,,,,,,,,,,,,,,,,,,,,,,,,,,,,,,,,,,,,,,,,,,,,,,,,,,,,,,,,,,,,,
,"EB, Aztreonam",,misc,Aztreonam,coded,,,,,,,Susceptible,Resistant,Intermediate,,,,,,,,,,,,,,,,,,,,,,,,,,,,,,,,,,,,,,,,,,,,,,,,,,,,,,,,,,,,,,,,
,"EB, Cefotaxime",,misc,Cefotaxime,coded,,,,,,,Susceptible,Resistant,Intermediate,,,,,,,,,,,,,,,,,,,,,,,,,,,,,,,,,,,,,,,,,,,,,,,,,,,,,,,,,,,,,,,,
,"EB, Cefoxitin",,misc,Cefoxitin,coded,,,,,,,Susceptible,Resistant,Intermediate,,,,,,,,,,,,,,,,,,,,,,,,,,,,,,,,,,,,,,,,,,,,,,,,,,,,,,,,,,,,,,,,
,"EB, Ciprofloxacin",,misc,Ciprofloxacin,coded,,,,,,,Susceptible,Resistant,Intermediate,,,,,,,,,,,,,,,,,,,,,,,,,,,,,,,,,,,,,,,,,,,,,,,,,,,,,,,,,,,,,,,,
,"EB, Gentamicin",,misc,Gentamicin,coded,,,,,,,Susceptible,Resistant,Intermediate,,,,,,,,,,,,,,,,,,,,,,,,,,,,,,,,,,,,,,,,,,,,,,,,,,,,,,,,,,,,,,,,
,"EB, Ticarcillin",,misc,Ticarcillin,coded,,,,,,,Susceptible,Resistant,Intermediate,,,,,,,,,,,,,,,,,,,,,,,,,,,,,,,,,,,,,,,,,,,,,,,,,,,,,,,,,,,,,,,,
,"EB, Tobramycin",,misc,Tobramycin,coded,,,,,,,Susceptible,Resistant,Intermediate,,,,,,,,,,,,,,,,,,,,,,,,,,,,,,,,,,,,,,,,,,,,,,,,,,,,,,,,,,,,,,,,
,"EB, Trimeto-sulfamet",,misc,Trimeto-sulfamet,coded,,,,,,,Susceptible,Resistant,Intermediate,,,,,,,,,,,,,,,,,,,,,,,,,,,,,,,,,,,,,,,,,,,,,,,,,,,,,,,,,,,,,,,,
,"EB, Cefepime",,misc,Cefepime,coded,,,,,,,Susceptible,Resistant,Intermediate,,,,,,,,,,,,,,,,,,,,,,,,,,,,,,,,,,,,,,,,,,,,,,,,,,,,,,,,,,,,,,,,
,"EB, Ertapenem",,misc,Ertapenem,coded,,,,,,,Susceptible,Resistant,Intermediate,,,,,,,,,,,,,,,,,,,,,,,,,,,,,,,,,,,,,,,,,,,,,,,,,,,,,,,,,,,,,,,,
,"EB, Pip-tazobactam",,misc,Pip-tazobactam,coded,,,,,,,Susceptible,Resistant,Intermediate,,,,,,,,,,,,,,,,,,,,,,,,,,,,,,,,,,,,,,,,,,,,,,,,,,,,,,,,,,,,,,,,
,"EB, Ceftriaxone",,misc,Ceftriaxone,coded,,,,,,,Susceptible,Resistant,Intermediate,,,,,,,,,,,,,,,,,,,,,,,,,,,,,,,,,,,,,,,,,,,,,,,,,,,,,,,,,,,,,,,,
,"EB, Ceftazidime",,misc,Ceftazidime,coded,,,,,,,Susceptible,Resistant,Intermediate,,,,,,,,,,,,,,,,,,,,,,,,,,,,,,,,,,,,,,,,,,,,,,,,,,,,,,,,,,,,,,,,
,"EB, ESBL screening:",If Cefotaxime is <21 mm or Ceftriaxone is <23mm and Ceftazidime is <21mm proceed with ESBL confirmation testing.,misc,ESBL screening:,coded,,,,,,,Positive,Negative,,,,,,,,,,,,,,,,,,,,,,,,,,,,,,,,,,,,,,,,,,,,,,,,,,,,,,,,,,,,,,,,,
,"EB, Meropenem",If Ertapenem is <25 mm set up Meropenem and Imipenem discs.,misc,Meropenem,coded,,,,,,,Susceptible,Resistant,Intermediate,,,,,,,,,,,,,,,,,,,,,,,,,,,,,,,,,,,,,,,,,,,,,,,,,,,,,,,,,,,,,,,,
,"EB, Imipenem",If Ertapenem is <25 mm set up Meropenem and Imipenem discs.,misc,Imipenem,coded,,,,,,,Susceptible,Resistant,Intermediate,,,,,,,,,,,,,,,,,,,,,,,,,,,,,,,,,,,,,,,,,,,,,,,,,,,,,,,,,,,,,,,,
,"NM, Penicillin G",,misc,Penicillin G,coded,,,,,,,Susceptible,Resistant,Intermediate,,,,,,,,,,,,,,,,,,,,,,,,,,,,,,,,,,,,,,,,,,,,,,,,,,,,,,,,,,,,,,,,
,"NM, Ampicillin",,misc,Ampicillin,coded,,,,,,,Susceptible,Resistant,Intermediate,,,,,,,,,,,,,,,,,,,,,,,,,,,,,,,,,,,,,,,,,,,,,,,,,,,,,,,,,,,,,,,,
,"NM, Ceftriaxone",,misc,Ceftriaxone,coded,,,,,,,Susceptible,Resistant,Intermediate,,,,,,,,,,,,,,,,,,,,,,,,,,,,,,,,,,,,,,,,,,,,,,,,,,,,,,,,,,,,,,,,
,"NM, Ciprofloxacin",,misc,Ciprofloxacin,coded,,,,,,,Susceptible,Resistant,Intermediate,,,,,,,,,,,,,,,,,,,,,,,,,,,,,,,,,,,,,,,,,,,,,,,,,,,,,,,,,,,,,,,,
,"HI, Penicillin",,misc,Penicillin,coded,,,,,,,Susceptible,Resistant,Intermediate,,,,,,,,,,,,,,,,,,,,,,,,,,,,,,,,,,,,,,,,,,,,,,,,,,,,,,,,,,,,,,,,
,"HI, Augmentin",,misc,Augmentin,coded,,,,,,,Susceptible,Resistant,Intermediate,,,,,,,,,,,,,,,,,,,,,,,,,,,,,,,,,,,,,,,,,,,,,,,,,,,,,,,,,,,,,,,,
,"HI, Ampicillin",,misc,Ampicillin,coded,,,,,,,Susceptible,Resistant,Intermediate,,,,,,,,,,,,,,,,,,,,,,,,,,,,,,,,,,,,,,,,,,,,,,,,,,,,,,,,,,,,,,,,
,"HI, Trimeth-Sulfa",,misc,Trimeth-Sulfa,coded,,,,,,,Susceptible,Resistant,Intermediate,,,,,,,,,,,,,,,,,,,,,,,,,,,,,,,,,,,,,,,,,,,,,,,,,,,,,,,,,,,,,,,,
,"HI, Chloramphenicol",,misc,Chloramphenicol,coded,,,,,,,Susceptible,Resistant,Intermediate,,,,,,,,,,,,,,,,,,,,,,,,,,,,,,,,,,,,,,,,,,,,,,,,,,,,,,,,,,,,,,,,
,"HI, Nalidixic acid","Isolates categorised as susceptible to nalidixic acid can be reported susceptible to ciprofloxacin, levofloxacin, moxifloxacin and ofloxacin. Isolates categorised as non-susceptible may have fluoroquinolone resistance and should be tested against the appropriate agent.",misc,Nalidixic acid,coded,,,,,,,Susceptible,Resistant,Intermediate,,,,,,,,,,,,,,,,,,,,,,,,,,,,,,,,,,,,,,,,,,,,,,,,,,,,,,,,,,,,,,,,
,"LM, Penicillin",,misc,Penicillin,coded,,,,,,,Susceptible,Resistant,Intermediate,,,,,,,,,,,,,,,,,,,,,,,,,,,,,,,,,,,,,,,,,,,,,,,,,,,,,,,,,,,,,,,,
,"LM, Trimeth-Sulfa",,misc,Trimeth-Sulfa,coded,,,,,,,Susceptible,Resistant,Intermediate,,,,,,,,,,,,,,,,,,,,,,,,,,,,,,,,,,,,,,,,,,,,,,,,,,,,,,,,,,,,,,,,
,"LM, Erythromycin",,misc,Erythromycin,coded,,,,,,,Susceptible,Resistant,Intermediate,,,,,,,,,,,,,,,,,,,,,,,,,,,,,,,,,,,,,,,,,,,,,,,,,,,,,,,,,,,,,,,,
,"LM, Ampicillin",,misc,Ampicillin,coded,,,,,,,Susceptible,Resistant,Intermediate,,,,,,,,,,,,,,,,,,,,,,,,,,,,,,,,,,,,,,,,,,,,,,,,,,,,,,,,,,,,,,,,
,"CS, Penicillin",,misc,Penicillin,coded,,,,,,,Susceptible,Resistant,Intermediate,,,,,,,,,,,,,,,,,,,,,,,,,,,,,,,,,,,,,,,,,,,,,,,,,,,,,,,,,,,,,,,,
,"CS, Ciprofloxacin",,misc,Ciprofloxacin,coded,,,,,,,Susceptible,Resistant,Intermediate,,,,,,,,,,,,,,,,,,,,,,,,,,,,,,,,,,,,,,,,,,,,,,,,,,,,,,,,,,,,,,,,
,"CS, Gentamicin",,misc,Gentamicin,coded,,,,,,,Susceptible,Resistant,Intermediate,,,,,,,,,,,,,,,,,,,,,,,,,,,,,,,,,,,,,,,,,,,,,,,,,,,,,,,,,,,,,,,,
,"CS, Vancomycin",,misc,Vancomycin,coded,,,,,,,Susceptible,Resistant,Intermediate,,,,,,,,,,,,,,,,,,,,,,,,,,,,,,,,,,,,,,,,,,,,,,,,,,,,,,,,,,,,,,,,
,"CS, Clindamycin",,misc,Clindamycin,coded,,,,,,,Susceptible,Resistant,Intermediate,,,,,,,,,,,,,,,,,,,,,,,,,,,,,,,,,,,,,,,,,,,,,,,,,,,,,,,,,,,,,,,,
,"CS, Tetracycine",,misc,Tetracycine,coded,,,,,,,Susceptible,Resistant,Intermediate,,,,,,,,,,,,,,,,,,,,,,,,,,,,,,,,,,,,,,,,,,,,,,,,,,,,,,,,,,,,,,,,
,"CS, Rifampicin",,misc,Rifampicin,coded,,,,,,,Susceptible,Resistant,Intermediate,,,,,,,,,,,,,,,,,,,,,,,,,,,,,,,,,,,,,,,,,,,,,,,,,,,,,,,,,,,,,,,,
,"AS, Imipenem",,misc,Imipenem,coded,,,,,,,Susceptible,Resistant,Intermediate,,,,,,,,,,,,,,,,,,,,,,,,,,,,,,,,,,,,,,,,,,,,,,,,,,,,,,,,,,,,,,,,
,"AS, Meropenem",,misc,Meropenem,coded,,,,,,,Susceptible,Resistant,Intermediate,,,,,,,,,,,,,,,,,,,,,,,,,,,,,,,,,,,,,,,,,,,,,,,,,,,,,,,,,,,,,,,,
,"AS, Ciprofloxacin",,misc,Ciprofloxacin,coded,,,,,,,Susceptible,Resistant,Intermediate,,,,,,,,,,,,,,,,,,,,,,,,,,,,,,,,,,,,,,,,,,,,,,,,,,,,,,,,,,,,,,,,
,"AS, Amikacin",,misc,Amikacin,coded,,,,,,,Susceptible,Resistant,Intermediate,,,,,,,,,,,,,,,,,,,,,,,,,,,,,,,,,,,,,,,,,,,,,,,,,,,,,,,,,,,,,,,,
,"AS, Gentamicin",,misc,Gentamicin,coded,,,,,,,Susceptible,Resistant,Intermediate,,,,,,,,,,,,,,,,,,,,,,,,,,,,,,,,,,,,,,,,,,,,,,,,,,,,,,,,,,,,,,,,
,"AS, Tobramycin",,misc,Tobramycin,coded,,,,,,,Susceptible,Resistant,Intermediate,,,,,,,,,,,,,,,,,,,,,,,,,,,,,,,,,,,,,,,,,,,,,,,,,,,,,,,,,,,,,,,,
,"CNS, Cefoxitin",,misc,Cefoxitin,coded,,,,,,,Susceptible,Resistant,Intermediate,,,,,,,,,,,,,,,,,,,,,,,,,,,,,,,,,,,,,,,,,,,,,,,,,,,,,,,,,,,,,,,,
,"CNS, Ciprofloxacin",,misc,Ciprofloxacin,coded,,,,,,,Susceptible,Resistant,Intermediate,,,,,,,,,,,,,,,,,,,,,,,,,,,,,,,,,,,,,,,,,,,,,,,,,,,,,,,,,,,,,,,,
,"CNS, Norfloxacin",,misc,Norfloxacin,coded,,,,,,,Susceptible,Resistant,Intermediate,,,,,,,,,,,,,,,,,,,,,,,,,,,,,,,,,,,,,,,,,,,,,,,,,,,,,,,,,,,,,,,,
,"CNS, Amikacin",,misc,Amikacin,coded,,,,,,,Susceptible,Resistant,Intermediate,,,,,,,,,,,,,,,,,,,,,,,,,,,,,,,,,,,,,,,,,,,,,,,,,,,,,,,,,,,,,,,,
,"CNS, Gentamicin",,misc,Gentamicin,coded,,,,,,,Susceptible,Resistant,Intermediate,,,,,,,,,,,,,,,,,,,,,,,,,,,,,,,,,,,,,,,,,,,,,,,,,,,,,,,,,,,,,,,,
,"CNS, Tobramycin",,misc,Tobramycin,coded,,,,,,,Susceptible,Resistant,Intermediate,,,,,,,,,,,,,,,,,,,,,,,,,,,,,,,,,,,,,,,,,,,,,,,,,,,,,,,,,,,,,,,,
,"CNS, Erythromycin","Erythromycin can be used to determine susceptibility of azithromycin, clarithromycin and roxithromycin. Inducible clindamycin resistance can be detected by antagonism of clindamycin activity by a macrolide agent. If not detected, then report as susceptible. If detected, then report as resistant and add ""comment Clindamycin may still be used for short-term therapy of less serious skin and soft tissue infections as constitutive resistance is unlikely to develop during such therapy""",misc,Erythromycin,coded,,,,,,,Susceptible,Resistant,Intermediate,,,,,,,,,,,,,,,,,,,,,,,,,,,,,,,,,,,,,,,,,,,,,,,,,,,,,,,,,,,,,,,,
,"CNS, Clindamycin","Erythromycin can be used to determine susceptibility of azithromycin, clarithromycin and roxithromycin. Inducible clindamycin resistance can be detected by antagonism of clindamycin activity by a macrolide agent. If not detected, then report as susceptible. If detected, then report as resistant and add ""comment Clindamycin may still be used for short-term therapy of less serious skin and soft tissue infections as constitutive resistance is unlikely to develop during such therapy""",misc,Clindamycin,coded,,,,,,,Susceptible,Resistant,Intermediate,,,,,,,,,,,,,,,,,,,,,,,,,,,,,,,,,,,,,,,,,,,,,,,,,,,,,,,,,,,,,,,,
,"CNS, D-zone:",,misc,D-zone:,coded,,,,,,,Positive,Negative,,,,,,,,,,,,,,,,,,,,,,,,,,,,,,,,,,,,,,,,,,,,,,,,,,,,,,,,,,,,,,,,,
,"CNS, Chloramphenicol",,misc,Chloramphenicol,coded,,,,,,,Susceptible,Resistant,Intermediate,,,,,,,,,,,,,,,,,,,,,,,,,,,,,,,,,,,,,,,,,,,,,,,,,,,,,,,,,,,,,,,,
,"CNS, Trimeth-Sulfa",,misc,Trimeth-Sulfa,coded,,,,,,,Susceptible,Resistant,Intermediate,,,,,,,,,,,,,,,,,,,,,,,,,,,,,,,,,,,,,,,,,,,,,,,,,,,,,,,,,,,,,,,,
,"CNS, Fusidic acid",,misc,Fusidic acid,coded,,,,,,,Susceptible,Resistant,Intermediate,,,,,,,,,,,,,,,,,,,,,,,,,,,,,,,,,,,,,,,,,,,,,,,,,,,,,,,,,,,,,,,,
,"CNS, Rifampicin",,misc,Rifampicin,coded,,,,,,,Susceptible,Resistant,Intermediate,,,,,,,,,,,,,,,,,,,,,,,,,,,,,,,,,,,,,,,,,,,,,,,,,,,,,,,,,,,,,,,,
,"CNS, Vanc MIC",,misc,Vanc MIC,coded,,,,,,,Susceptible,Resistant,Intermediate,,,,,,,,,,,,,,,,,,,,,,,,,,,,,,,,,,,,,,,,,,,,,,,,,,,,,,,,,,,,,,,,
,Susceptible isolates are uncommon. Check for a possible laboratory error.,,misc,,N/A,,,,,,,,,,,,,,,,,,,,,,,,,,,,,,,,,,,,,,,,,,,,,,,,,,,,,,,,,,,,,,,,,,,,,,,,,
,Non-susceptible isolates are rare. Check for a possible laboratory error.,,misc,,N/A,,,,,,,,,,,,,,,,,,,,,,,,,,,,,,,,,,,,,,,,,,,,,,,,,,,,,,,,,,,,,,,,,,,,,,,,,
,Non-susceptible isolates are rare.,,misc,,N/A,,,,,,,,,,,,,,,,,,,,,,,,,,,,,,,,,,,,,,,,,,,,,,,,,,,,,,,,,,,,,,,,,,,,,,,,,
,The isolate is resistant to all tested antibiotics. You may wish to send the isolate to a reference laboratory for additional testing.,,misc,,N/A,,,,,,,,,,,,,,,,,,,,,,,,,,,,,,,,,,,,,,,,,,,,,,,,,,,,,,,,,,,,,,,,,,,,,,,,,
,This is an uncommon resistance pattern. Check for a possible laboratory error.,,misc,,N/A,,,,,,,,,,,,,,,,,,,,,,,,,,,,,,,,,,,,,,,,,,,,,,,,,,,,,,,,,,,,,,,,,,,,,,,,,
,This is an important species. Report to relevant public health authorities if appropriate.,,misc,,N/A,,,,,,,,,,,,,,,,,,,,,,,,,,,,,,,,,,,,,,,,,,,,,,,,,,,,,,,,,,,,,,,,,,,,,,,,,
,Disk diffusion results are not reliable for this organism and antibiotic.,,misc,,N/A,,,,,,,,,,,,,,,,,,,,,,,,,,,,,,,,,,,,,,,,,,,,,,,,,,,,,,,,,,,,,,,,,,,,,,,,,
,"Depending on your area, resistant isolates may be uncommon.",,misc,,N/A,,,,,,,,,,,,,,,,,,,,,,,,,,,,,,,,,,,,,,,,,,,,,,,,,,,,,,,,,,,,,,,,,,,,,,,,,
,This is an uncommon resistant pattern. The organism may possess the aac 6'1 enzyme.,,misc,,N/A,,,,,,,,,,,,,,,,,,,,,,,,,,,,,,,,,,,,,,,,,,,,,,,,,,,,,,,,,,,,,,,,,,,,,,,,,
,"ESBL-producing Enterobacteriaceae should be reported as resistant for all penicillins, aztreonam, and cephalosporins, with the exception of cephamycins.",,misc,,N/A,,,,,,,,,,,,,,,,,,,,,,,,,,,,,,,,,,,,,,,,,,,,,,,,,,,,,,,,,,,,,,,,,,,,,,,,,
,Test for the presence of a carbapenemase.,,misc,,N/A,,,,,,,,,,,,,,,,,,,,,,,,,,,,,,,,,,,,,,,,,,,,,,,,,,,,,,,,,,,,,,,,,,,,,,,,,
,"Rare beta-lactamase-negative, ampicillin-resistant (BLNAR) strains of H. influenzae should be considered resistant to amoxicillin-clavulanic acid, ampicillin-sulbactam, cefaclor, cefetamet, cefonicid, cefprozil, cefuroxime, and loracarbef despite app",,misc,,N/A,,,,,,,,,,,,,,,,,,,,,,,,,,,,,,,,,,,,,,,,,,,,,,,,,,,,,,,,,,,,,,,,,,,,,,,,,
,"Rare beta-lactamase-negative, ampicillin-resistant (BLNAR) strains of H. influenzae should be considered resistant to amoxicillin-clavulanic acid, ampicillin-sulbactam, cefaclor, cefetamet, cefonicid, cefprozil, cefuroxime, and loracarbef.",,misc,,N/A,,,,,,,,,,,,,,,,,,,,,,,,,,,,,,,,,,,,,,,,,,,,,,,,,,,,,,,,,,,,,,,,,,,,,,,,,
,Non-susceptible isolates have not been previously identified.,,misc,,N/A,,,,,,,,,,,,,,,,,,,,,,,,,,,,,,,,,,,,,,,,,,,,,,,,,,,,,,,,,,,,,,,,,,,,,,,,,
,Trimethoprim/sulfamethoxazole is the preferred disk for detection of sulfonamid resistance with N. meningitidis.,,misc,,N/A,,,,,,,,,,,,,,,,,,,,,,,,,,,,,,,,,,,,,,,,,,,,,,,,,,,,,,,,,,,,,,,,,,,,,,,,,
,"The susceptibility of P. aeruginosa isolated from patients with cystic fibrosis can be reliably determined by the disk method, but may require extended incubation up to 24 hours before reporting as susceptible.",,misc,,N/A,,,,,,,,,,,,,,,,,,,,,,,,,,,,,,,,,,,,,,,,,,,,,,,,,,,,,,,,,,,,,,,,,,,,,,,,,
,Oxacillin-resistant isolates should be considered resistant to all beta-lactam agents.,,misc,,N/A,,,,,,,,,,,,,,,,,,,,,,,,,,,,,,,,,,,,,,,,,,,,,,,,,,,,,,,,,,,,,,,,,,,,,,,,,
,Isolates of staphylococci that carry the mecA gene or that produce PBP2a should be reported as oxacillin resistant. Oxacillin-resistant isolates should be considered resistant to all beta-lactam agents.,,misc,,N/A,,,,,,,,,,,,,,,,,,,,,,,,,,,,,,,,,,,,,,,,,,,,,,,,,,,,,,,,,,,,,,,,,,,,,,,,,
,"For S. lugdunensis, only the cefoxitin disk should be used.",,misc,,N/A,,,,,,,,,,,,,,,,,,,,,,,,,,,,,,,,,,,,,,,,,,,,,,,,,,,,,,,,,,,,,,,,,,,,,,,,,
,Check for inducible clindamycin resistance.,,misc,,N/A,,,,,,,,,,,,,,,,,,,,,,,,,,,,,,,,,,,,,,,,,,,,,,,,,,,,,,,,,,,,,,,,,,,,,,,,,
,The cefoxitin disk test is the preferred method for testing staphylococci for oxacillin resistance.,,misc,,N/A,,,,,,,,,,,,,,,,,,,,,,,,,,,,,,,,,,,,,,,,,,,,,,,,,,,,,,,,,,,,,,,,,,,,,,,,,
,"Staphylococcal isolates which appear ""non-susceptible"" by disk diffusion should be confirmed by MIC testing.",,misc,,N/A,,,,,,,,,,,,,,,,,,,,,,,,,,,,,,,,,,,,,,,,,,,,,,,,,,,,,,,,,,,,,,,,,,,,,,,,,
,"For strains of S. pneumoniae appearing non-susceptible by disk diffusion, you should perform an MIC test for penicillin, meropenem, cefotaxime, and/or ceftriaxone.",,misc,,N/A,,,,,,,,,,,,,,,,,,,,,,,,,,,,,,,,,,,,,,,,,,,,,,,,,,,,,,,,,,,,,,,,,,,,,,,,,
,Disk diffusion results may not be reliable for this organism and antibiotic.,,misc,,N/A,,,,,,,,,,,,,,,,,,,,,,,,,,,,,,,,,,,,,,,,,,,,,,,,,,,,,,,,,,,,,,,,,,,,,,,,,
,Isolates may develop resistance during therapy. Testing of repeat isolates may be warranted.,,misc,,N/A,,,,,,,,,,,,,,,,,,,,,,,,,,,,,,,,,,,,,,,,,,,,,,,,,,,,,,,,,,,,,,,,,,,,,,,,,
,These agents may appear susceptible in vitro but are not effective clinically.,,misc,,N/A,,,,,,,,,,,,,,,,,,,,,,,,,,,,,,,,,,,,,,,,,,,,,,,,,,,,,,,,,,,,,,,,,,,,,,,,,
,Rifampin should not be used alone for chemotherapy.,,misc,,N/A,,,,,,,,,,,,,,,,,,,,,,,,,,,,,,,,,,,,,,,,,,,,,,,,,,,,,,,,,,,,,,,,,,,,,,,,,
,Breakpoints presume that clarithromycin will be used in an approved regimen that includes a proton-pump inhibitor or an H2 antagonist.,,misc,,N/A,,,,,,,,,,,,,,,,,,,,,,,,,,,,,,,,,,,,,,,,,,,,,,,,,,,,,,,,,,,,,,,,,,,,,,,,,
,"N. gonorrhoeae isolates with intermediate results with most agents have a documented lower clinical cure rate (85 to 95%) compared to >95% for susceptible strains. For cefmetazole, cefotetan, cefoxitin, and spectinomycin, the impact is unclear.",,misc,,N/A,,,,,,,,,,,,,,,,,,,,,,,,,,,,,,,,,,,,,,,,,,,,,,,,,,,,,,,,,,,,,,,,,,,,,,,,,
,A nalidixic acid zone<=25mm may correlate with diminished fluoroquinolone susceptibility.,,misc,,N/A,,,,,,,,,,,,,,,,,,,,,,,,,,,,,,,,,,,,,,,,,,,,,,,,,,,,,,,,,,,,,,,,,,,,,,,,,
,A nalidixic acid MIC >=8 ug/ml may correlate with diminished fluoroquinolone susceptibility.,,misc,,N/A,,,,,,,,,,,,,,,,,,,,,,,,,,,,,,,,,,,,,,,,,,,,,,,,,,,,,,,,,,,,,,,,,,,,,,,,,
,"Azithromycin, minocycline, ciprofloxacin, sulfonamides, and rifampin may be appropriate only for prophylaxis of meningococcal case contacts. Breakpoints do not apply to therapy of patients with invasive meningococcal disease.",,misc,,N/A,,,,,,,,,,,,,,,,,,,,,,,,,,,,,,,,,,,,,,,,,,,,,,,,,,,,,,,,,,,,,,,,,,,,,,,,,
,Fluoroquinolone-susceptible strains for Salmonella that test resistant to nalidixic acid may be associated with clinical failure or delayed response in patients with extraintestinal salmonellosis.,,misc,,N/A,,,,,,,,,,,,,,,,,,,,,,,,,,,,,,,,,,,,,,,,,,,,,,,,,,,,,,,,,,,,,,,,,,,,,,,,,
,"Routine testing of urine isolates of S. saprophyticus is not advised, because infections respond to concentrations achieved in urine of antimicrobial agents commonly used to treat acute, uncomplicated urinary tract infections.",,misc,,N/A,,,,,,,,,,,,,,,,,,,,,,,,,,,,,,,,,,,,,,,,,,,,,,,,,,,,,,,,,,,,,,,,,,,,,,,,,
,This isolate is presumed to be resistant based on detection of inducible clindamycin resistance. Clindamycin may still be effective in some patients.,,misc,,N/A,,,,,,,,,,,,,,,,,,,,,,,,,,,,,,,,,,,,,,,,,,,,,,,,,,,,,,,,,,,,,,,,,,,,,,,,,
,High doses of intravenous penicillins or ampicillin are effective in treating pneumococcal pneumonia due to strains in the intermediate category.,,misc,,N/A,,,,,,,,,,,,,,,,,,,,,,,,,,,,,,,,,,,,,,,,,,,,,,,,,,,,,,,,,,,,,,,,,,,,,,,,,
,Use of interpretive criteria for non-meningitis requires doses appropriate for serious pneumococcal infections.,,misc,,N/A,,,,,,,,,,,,,,,,,,,,,,,,,,,,,,,,,,,,,,,,,,,,,,,,,,,,,,,,,,,,,,,,,,,,,,,,,
,Use of cefotaxime or ceftriaxone in meningitis requires therapy with maximum doses.,,misc,,N/A,,,,,,,,,,,,,,,,,,,,,,,,,,,,,,,,,,,,,,,,,,,,,,,,,,,,,,,,,,,,,,,,,,,,,,,,,
,Penicillin or ampicillin intermediate isolates may require combined therapy with an aminoglycoside for bactericidal action.,,misc,,N/A,,,,,,,,,,,,,,,,,,,,,,,,,,,,,,,,,,,,,,,,,,,,,,,,,,,,,,,,,,,,,,,,,,,,,,,,,
,"Recommendations for intrapartum prophylaxis for Group B streptococci are penicillin or ampicillin. When a Group B streptococcus is isolated from a pregnant woman with severe penicillin allergy, clindamycin and erythromycin should be tested and report",,misc,,N/A,,,,,,,,,,,,,,,,,,,,,,,,,,,,,,,,,,,,,,,,,,,,,,,,,,,,,,,,,,,,,,,,,,,,,,,,,
,"Microbiology, Are there any alerts?",,misc,Are there any alerts?,coded,,,,,,,Yes,No,,,,,,,,,,,,,,,,,,,,,,,,,,,,,,,,,,,,,,,,,,,,,,,,,,,,,,,,,,,,,,,,,
,"Microbiology, Alerts",,misc,Alerts,coded,,,,,,,Susceptible isolates are uncommon. Check for a possible laboratory error.,Non-susceptible isolates are rare. Check for a possible laboratory error.,Non-susceptible isolates are rare.,The isolate is resistant to all tested antibiotics. You may wish to send the isolate to a reference laboratory for additional testing.,This is an uncommon resistance pattern. Check for a possible laboratory error.,This is an important species. Report to relevant public health authorities if appropriate.,Disk diffusion results are not reliable for this organism and antibiotic.,"Depending on your area, resistant isolates may be uncommon.",This is an uncommon resistant pattern. The organism may possess the aac 6'1 enzyme.,"ESBL-producing Enterobacteriaceae should be reported as resistant for all penicillins, aztreonam, and cephalosporins, with the exception of cephamycins.",Test for the presence of a carbapenemase.,"Rare beta-lactamase-negative, ampicillin-resistant (BLNAR) strains of H. influenzae should be considered resistant to amoxicillin-clavulanic acid, ampicillin-sulbactam, cefaclor, cefetamet, cefonicid, cefprozil, cefuroxime, and loracarbef despite app","Rare beta-lactamase-negative, ampicillin-resistant (BLNAR) strains of H. influenzae should be considered resistant to amoxicillin-clavulanic acid, ampicillin-sulbactam, cefaclor, cefetamet, cefonicid, cefprozil, cefuroxime, and loracarbef.",Non-susceptible isolates have not been previously identified.,Trimethoprim/sulfamethoxazole is the preferred disk for detection of sulfonamid resistance with N. meningitidis.,"The susceptibility of P. aeruginosa isolated from patients with cystic fibrosis can be reliably determined by the disk method, but may require extended incubation up to 24 hours before reporting as susceptible.",Oxacillin-resistant isolates should be considered resistant to all beta-lactam agents.,Isolates of staphylococci that carry the mecA gene or that produce PBP2a should be reported as oxacillin resistant. Oxacillin-resistant isolates should be considered resistant to all beta-lactam agents.,"For S. lugdunensis, only the cefoxitin disk should be used.",Check for inducible clindamycin resistance.,The cefoxitin disk test is the preferred method for testing staphylococci for oxacillin resistance.,"Staphylococcal isolates which appear ""non-susceptible"" by disk diffusion should be confirmed by MIC testing.","For strains of S. pneumoniae appearing non-susceptible by disk diffusion, you should perform an MIC test for penicillin, meropenem, cefotaxime, and/or ceftriaxone.",Disk diffusion results may not be reliable for this organism and antibiotic.,Isolates may develop resistance during therapy. Testing of repeat isolates may be warranted.,These agents may appear susceptible in vitro but are not effective clinically.,Rifampin should not be used alone for chemotherapy.,Breakpoints presume that clarithromycin will be used in an approved regimen that includes a proton-pump inhibitor or an H2 antagonist.,"N. gonorrhoeae isolates with intermediate results with most agents have a documented lower clinical cure rate (85 to 95%) compared to >95% for susceptible strains. For cefmetazole, cefotetan, cefoxitin, and spectinomycin, the impact is unclear.",A nalidixic acid zone<=25mm may correlate with diminished fluoroquinolone susceptibility.,A nalidixic acid MIC >=8 ug/ml may correlate with diminished fluoroquinolone susceptibility.,"Azithromycin, minocycline, ciprofloxacin, sulfonamides, and rifampin may be appropriate only for prophylaxis of meningococcal case contacts. Breakpoints do not apply to therapy of patients with invasive meningococcal disease.",Fluoroquinolone-susceptible strains for Salmonella that test resistant to nalidixic acid may be associated with clinical failure or delayed response in patients with extraintestinal salmonellosis.,"Routine testing of urine isolates of S. saprophyticus is not advised, because infections respond to concentrations achieved in urine of antimicrobial agents commonly used to treat acute, uncomplicated urinary tract infections.",This isolate is presumed to be resistant based on detection of inducible clindamycin resistance. Clindamycin may still be effective in some patients.,High doses of intravenous penicillins or ampicillin are effective in treating pneumococcal pneumonia due to strains in the intermediate category.,Use of interpretive criteria for non-meningitis requires doses appropriate for serious pneumococcal infections.,Use of cefotaxime or ceftriaxone in meningitis requires therapy with maximum doses.,Penicillin or ampicillin intermediate isolates may require combined therapy with an aminoglycoside for bactericidal action.,"Recommendations for intrapartum prophylaxis for Group B streptococci are penicillin or ampicillin. When a Group B streptococcus is isolated from a pregnant woman with severe penicillin allergy, clindamycin and erythromycin should be tested and report",,,,,,,,,,,,,,,,,,,,,,,,,,,
