uuid,name,description,class,shortname,datatype,units,High Normal,Low Normal,Allow Decimal,locale,synonym.1,answer.1,answer.2,answer.3,answer.4,answer.5,answer.6,answer.7,answer.8,answer.9,answer.10,answer.11,answer.12,answer.13,answer.14,answer.15,answer.16,answer.17,answer.18,answer.19,answer.20,answer.21,answer.22,answer.23,answer.24,answer.25,answer.26,answer.27,answer.28,answer.29,answer.30,answer.31,answer.32,answer.33,answer.34,answer.35,answer.36,answer.37,answer.38,answer.39,answer.40,answer.41,answer.42,answer.43,answer.44,answer.45,answer.46,answer.47,answer.48,answer.49,answer.50,answer.51,answer.52,answer.53,answer.54,answer.55,answer.56,answer.57,answer.58,answer.59,answer.60,answer.61,answer.62,answer.63,answer.64,answer.65,answer.66,reference-term-source,reference-term-code,reference-term-relationship
,"Site, Scalp",,Misc,Scalp,N/A,,,,,,,,,,,,,,,,,,,,,,,,,,,,,,,,,,,,,,,,,,,,,,,,,,,,,,,,,,,,,,,,,,,,,,,,,,,
,"Site, Face",,Misc,Face,N/A,,,,,,,,,,,,,,,,,,,,,,,,,,,,,,,,,,,,,,,,,,,,,,,,,,,,,,,,,,,,,,,,,,,,,,,,,,,
,"Site, Forehead including eyebrow",,Misc,Forehead including eyebrow,N/A,,,,,,,,,,,,,,,,,,,,,,,,,,,,,,,,,,,,,,,,,,,,,,,,,,,,,,,,,,,,,,,,,,,,,,,,,,,
,"Site, Eye",,Misc,Eye,N/A,,,,,,,,,,,,,,,,,,,,,,,,,,,,,,,,,,,,,,,,,,,,,,,,,,,,,,,,,,,,,,,,,,,,,,,,,,,
,"Site, Ear",,Misc,Ear,N/A,,,,,,,,,,,,,,,,,,,,,,,,,,,,,,,,,,,,,,,,,,,,,,,,,,,,,,,,,,,,,,,,,,,,,,,,,,,
,"Site, Cheek",,Misc,Cheek,N/A,,,,,,,,,,,,,,,,,,,,,,,,,,,,,,,,,,,,,,,,,,,,,,,,,,,,,,,,,,,,,,,,,,,,,,,,,,,
,"Site, Nose",,Misc,Nose,N/A,,,,,,,,,,,,,,,,,,,,,,,,,,,,,,,,,,,,,,,,,,,,,,,,,,,,,,,,,,,,,,,,,,,,,,,,,,,
,"Site, Mouth",,Misc,Mouth,N/A,,,,,,,,,,,,,,,,,,,,,,,,,,,,,,,,,,,,,,,,,,,,,,,,,,,,,,,,,,,,,,,,,,,,,,,,,,,
,"Site, Upper jaw",,Misc,Upper jaw,N/A,,,,,,,,,,,,,,,,,,,,,,,,,,,,,,,,,,,,,,,,,,,,,,,,,,,,,,,,,,,,,,,,,,,,,,,,,,,
,"Site, Lower jaw",,Misc,Lower jaw,N/A,,,,,,,,,,,,,,,,,,,,,,,,,,,,,,,,,,,,,,,,,,,,,,,,,,,,,,,,,,,,,,,,,,,,,,,,,,,
,"Site, Chin",,Misc,Chin,N/A,,,,,,,,,,,,,,,,,,,,,,,,,,,,,,,,,,,,,,,,,,,,,,,,,,,,,,,,,,,,,,,,,,,,,,,,,,,
,"Site, Neck",,Misc,Neck,N/A,,,,,,,,,,,,,,,,,,,,,,,,,,,,,,,,,,,,,,,,,,,,,,,,,,,,,,,,,,,,,,,,,,,,,,,,,,,
,"Site, Shoulder",,Misc,Shoulder,N/A,,,,,,,,,,,,,,,,,,,,,,,,,,,,,,,,,,,,,,,,,,,,,,,,,,,,,,,,,,,,,,,,,,,,,,,,,,,
,"Site, Axilla",,Misc,Axilla,N/A,,,,,,,,,,,,,,,,,,,,,,,,,,,,,,,,,,,,,,,,,,,,,,,,,,,,,,,,,,,,,,,,,,,,,,,,,,,
,"Site, Breast",,Misc,Breast,N/A,,,,,,,,,,,,,,,,,,,,,,,,,,,,,,,,,,,,,,,,,,,,,,,,,,,,,,,,,,,,,,,,,,,,,,,,,,,
,"Site, Chest",,Misc,Chest,N/A,,,,,,,,,,,,,,,,,,,,,,,,,,,,,,,,,,,,,,,,,,,,,,,,,,,,,,,,,,,,,,,,,,,,,,,,,,,
,"Site, Abdomen",,Misc,Abdomen,N/A,,,,,,,,,,,,,,,,,,,,,,,,,,,,,,,,,,,,,,,,,,,,,,,,,,,,,,,,,,,,,,,,,,,,,,,,,,,
,"Site, Arm",,Misc,Arm,N/A,,,,,,,,,,,,,,,,,,,,,,,,,,,,,,,,,,,,,,,,,,,,,,,,,,,,,,,,,,,,,,,,,,,,,,,,,,,
,"Site, Elbow",,Misc,Elbow,N/A,,,,,,,,,,,,,,,,,,,,,,,,,,,,,,,,,,,,,,,,,,,,,,,,,,,,,,,,,,,,,,,,,,,,,,,,,,,
,"Site, Forearm",,Misc,Forearm,N/A,,,,,,,,,,,,,,,,,,,,,,,,,,,,,,,,,,,,,,,,,,,,,,,,,,,,,,,,,,,,,,,,,,,,,,,,,,,
,"Site, Wrist",,Misc,Wrist,N/A,,,,,,,,,,,,,,,,,,,,,,,,,,,,,,,,,,,,,,,,,,,,,,,,,,,,,,,,,,,,,,,,,,,,,,,,,,,
,"Site, Hand",,Misc,Hand,N/A,,,,,,,,,,,,,,,,,,,,,,,,,,,,,,,,,,,,,,,,,,,,,,,,,,,,,,,,,,,,,,,,,,,,,,,,,,,
,"Site, Finger",,Misc,Finger,N/A,,,,,,,,,,,,,,,,,,,,,,,,,,,,,,,,,,,,,,,,,,,,,,,,,,,,,,,,,,,,,,,,,,,,,,,,,,,
,"Site, Trunk",,Misc,Trunk,N/A,,,,,,,,,,,,,,,,,,,,,,,,,,,,,,,,,,,,,,,,,,,,,,,,,,,,,,,,,,,,,,,,,,,,,,,,,,,
,"Site, Upper back",,Misc,Upper back,N/A,,,,,,,,,,,,,,,,,,,,,,,,,,,,,,,,,,,,,,,,,,,,,,,,,,,,,,,,,,,,,,,,,,,,,,,,,,,
,"Site, Lower back",,Misc,Lower back,N/A,,,,,,,,,,,,,,,,,,,,,,,,,,,,,,,,,,,,,,,,,,,,,,,,,,,,,,,,,,,,,,,,,,,,,,,,,,,
,"Site, Hip",,Misc,Hip,N/A,,,,,,,,,,,,,,,,,,,,,,,,,,,,,,,,,,,,,,,,,,,,,,,,,,,,,,,,,,,,,,,,,,,,,,,,,,,
,"Site, Gluteal",,Misc,Gluteal,N/A,,,,,,,,,,,,,,,,,,,,,,,,,,,,,,,,,,,,,,,,,,,,,,,,,,,,,,,,,,,,,,,,,,,,,,,,,,,
,"Site, Groin",,Misc,Groin,N/A,,,,,,,,,,,,,,,,,,,,,,,,,,,,,,,,,,,,,,,,,,,,,,,,,,,,,,,,,,,,,,,,,,,,,,,,,,,
,"Site, Thigh",,Misc,Thigh,N/A,,,,,,,,,,,,,,,,,,,,,,,,,,,,,,,,,,,,,,,,,,,,,,,,,,,,,,,,,,,,,,,,,,,,,,,,,,,
,"Site, Knee",,Misc,Knee,N/A,,,,,,,,,,,,,,,,,,,,,,,,,,,,,,,,,,,,,,,,,,,,,,,,,,,,,,,,,,,,,,,,,,,,,,,,,,,
,"Site, Leg",,Misc,Leg,N/A,,,,,,,,,,,,,,,,,,,,,,,,,,,,,,,,,,,,,,,,,,,,,,,,,,,,,,,,,,,,,,,,,,,,,,,,,,,
,"Site, Ankle",,Misc,Ankle,N/A,,,,,,,,,,,,,,,,,,,,,,,,,,,,,,,,,,,,,,,,,,,,,,,,,,,,,,,,,,,,,,,,,,,,,,,,,,,
,"Site, Foot",,Misc,Foot,N/A,,,,,,,,,,,,,,,,,,,,,,,,,,,,,,,,,,,,,,,,,,,,,,,,,,,,,,,,,,,,,,,,,,,,,,,,,,,
,"Site, Toe",,Misc,Toe,N/A,,,,,,,,,,,,,,,,,,,,,,,,,,,,,,,,,,,,,,,,,,,,,,,,,,,,,,,,,,,,,,,,,,,,,,,,,,,
,Nausea and vomiting,,Misc,Nausea and vomiting,N/A,,,,,,,,,,,,,,,,,,,,,,,,,,,,,,,,,,,,,,,,,,,,,,,,,,,,,,,,,,,,,,,,,,,,,,,,,,,
,Poor,,Misc,Poor,N/A,,,,,,,,,,,,,,,,,,,,,,,,,,,,,,,,,,,,,,,,,,,,,,,,,,,,,,,,,,,,,,,,,,,,,,,,,,,
,Wound seen,,Misc,Wound seen,N/A,,,,,,,,,,,,,,,,,,,,,,,,,,,,,,,,,,,,,,,,,,,,,,,,,,,,,,,,,,,,,,,,,,,,,,,,,,,
,Wound not seen,,Misc,Wound not seen,N/A,,,,,,,,,,,,,,,,,,,,,,,,,,,,,,,,,,,,,,,,,,,,,,,,,,,,,,,,,,,,,,,,,,,,,,,,,,,
,Healed,,Misc,Healed,N/A,,,,,,,,,,,,,,,,,,,,,,,,,,,,,,,,,,,,,,,,,,,,,,,,,,,,,,,,,,,,,,,,,,,,,,,,,,,
,Healing,,Misc,Healing,N/A,,,,,,,,,,,,,,,,,,,,,,,,,,,,,,,,,,,,,,,,,,,,,,,,,,,,,,,,,,,,,,,,,,,,,,,,,,,
,Inflamed,,Misc,Inflamed,N/A,,,,,,,,,,,,,,,,,,,,,,,,,,,,,,,,,,,,,,,,,,,,,,,,,,,,,,,,,,,,,,,,,,,,,,,,,,,
,Dehiscence,,Misc,Dehiscence,N/A,,,,,,,,,,,,,,,,,,,,,,,,,,,,,,,,,,,,,,,,,,,,,,,,,,,,,,,,,,,,,,,,,,,,,,,,,,,
,Serous,,Misc,Serous,N/A,,,,,,,,,,,,,,,,,,,,,,,,,,,,,,,,,,,,,,,,,,,,,,,,,,,,,,,,,,,,,,,,,,,,,,,,,,,
,Serosanguinous,,Misc,Serosanguinous,N/A,,,,,,,,,,,,,,,,,,,,,,,,,,,,,,,,,,,,,,,,,,,,,,,,,,,,,,,,,,,,,,,,,,,,,,,,,,,
,Bloody,,Misc,Bloody,N/A,,,,,,,,,,,,,,,,,,,,,,,,,,,,,,,,,,,,,,,,,,,,,,,,,,,,,,,,,,,,,,,,,,,,,,,,,,,
,Purulent,,Misc,Purulent,N/A,,,,,,,,,,,,,,,,,,,,,,,,,,,,,,,,,,,,,,,,,,,,,,,,,,,,,,,,,,,,,,,,,,,,,,,,,,,
,Stable,,Misc,Stable,N/A,,,,,,,,,,,,,,,,,,,,,,,,,,,,,,,,,,,,,,,,,,,,,,,,,,,,,,,,,,,,,,,,,,,,,,,,,,,
,Improving,,Misc,Improving,N/A,,,,,,,,,,,,,,,,,,,,,,,,,,,,,,,,,,,,,,,,,,,,,,,,,,,,,,,,,,,,,,,,,,,,,,,,,,,
,Unstable,,Misc,Unstable,N/A,,,,,,,,,,,,,,,,,,,,,,,,,,,,,,,,,,,,,,,,,,,,,,,,,,,,,,,,,,,,,,,,,,,,,,,,,,,
,Deteriorating,,Misc,Deteriorating,N/A,,,,,,,,,,,,,,,,,,,,,,,,,,,,,,,,,,,,,,,,,,,,,,,,,,,,,,,,,,,,,,,,,,,,,,,,,,,
,Continue current therapy,,Misc,Continue current therapy,N/A,,,,,,,,,,,,,,,,,,,,,,,,,,,,,,,,,,,,,,,,,,,,,,,,,,,,,,,,,,,,,,,,,,,,,,,,,,,
,Removal of drain,,Misc,Removal of drain,N/A,,,,,,,,,,,,,,,,,,,,,,,,,,,,,,,,,,,,,,,,,,,,,,,,,,,,,,,,,,,,,,,,,,,,,,,,,,,
,Start antibiotics,,Misc,Start antibiotics,N/A,,,,,,,,,,,,,,,,,,,,,,,,,,,,,,,,,,,,,,,,,,,,,,,,,,,,,,,,,,,,,,,,,,,,,,,,,,,
,Pain referral,,Misc,Pain referral,N/A,,,,,,,,,,,,,,,,,,,,,,,,,,,,,,,,,,,,,,,,,,,,,,,,,,,,,,,,,,,,,,,,,,,,,,,,,,,
,Review labs,,Misc,Review labs,N/A,,,,,,,,,,,,,,,,,,,,,,,,,,,,,,,,,,,,,,,,,,,,,,,,,,,,,,,,,,,,,,,,,,,,,,,,,,,
,Acute Kidney Injury,,Misc,Acute Kidney Injury,N/A,,,,,,,,,,,,,,,,,,,,,,,,,,,,,,,,,,,,,,,,,,,,,,,,,,,,,,,,,,,,,,,,,,,,,,,,,,,
,Anemia due to acute blood loss,,Misc,Anemia due to acute blood loss,N/A,,,,,,,,,,,,,,,,,,,,,,,,,,,,,,,,,,,,,,,,,,,,,,,,,,,,,,,,,,,,,,,,,,,,,,,,,,,
,Anaesthetic complication in OT,,Misc,Anaesthetic complication in OT,N/A,,,,,,,,,,,,,,,,,,,,,,,,,,,,,,,,,,,,,,,,,,,,,,,,,,,,,,,,,,,,,,,,,,,,,,,,,,,
,Antibiotic Adverse Reaction,,Misc,Antibiotic Adverse Reaction,N/A,,,,,,,,,,,,,,,,,,,,,,,,,,,,,,,,,,,,,,,,,,,,,,,,,,,,,,,,,,,,,,,,,,,,,,,,,,,
,Cardiac Arrhythmia,,Misc,Cardiac Arrhythmia,N/A,,,,,,,,,,,,,,,,,,,,,,,,,,,,,,,,,,,,,,,,,,,,,,,,,,,,,,,,,,,,,,,,,,,,,,,,,,,
,Cellutlits,,Misc,Cellutlits,N/A,,,,,,,,,,,,,,,,,,,,,,,,,,,,,,,,,,,,,,,,,,,,,,,,,,,,,,,,,,,,,,,,,,,,,,,,,,,
,Death,,Misc,Death,N/A,,,,,,,,,,,,,,,,,,,,,,,,,,,,,,,,,,,,,,,,,,,,,,,,,,,,,,,,,,,,,,,,,,,,,,,,,,,
,Deep Venous Thrombosis,,Misc,Deep Venous Thrombosis,N/A,,,,,,,,,,,,,,,,,,,,,,,,,,,,,,,,,,,,,,,,,,,,,,,,,,,,,,,,,,,,,,,,,,,,,,,,,,,
,Flap Necrosis,,Misc,Flap Necrosis,N/A,,,,,,,,,,,,,,,,,,,,,,,,,,,,,,,,,,,,,,,,,,,,,,,,,,,,,,,,,,,,,,,,,,,,,,,,,,,
,Heart Failure,,Misc,Heart Failure,N/A,,,,,,,,,,,,,,,,,,,,,,,,,,,,,,,,,,,,,,,,,,,,,,,,,,,,,,,,,,,,,,,,,,,,,,,,,,,
,"Hematoma, surgical site",,Misc,"Hematoma, surgical site",N/A,,,,,,,,,,,,,,,,,,,,,,,,,,,,,,,,,,,,,,,,,,,,,,,,,,,,,,,,,,,,,,,,,,,,,,,,,,,
,Iatrogenic Fracture,,Misc,Iatrogenic Fracture,N/A,,,,,,,,,,,,,,,,,,,,,,,,,,,,,,,,,,,,,,,,,,,,,,,,,,,,,,,,,,,,,,,,,,,,,,,,,,,
,"Implant Removal, unintended",,Misc,"Implant Removal, unintended",N/A,,,,,,,,,,,,,,,,,,,,,,,,,,,,,,,,,,,,,,,,,,,,,,,,,,,,,,,,,,,,,,,,,,,,,,,,,,,
,Limb Ischemia,,Misc,Limb Ischemia,N/A,,,,,,,,,,,,,,,,,,,,,,,,,,,,,,,,,,,,,,,,,,,,,,,,,,,,,,,,,,,,,,,,,,,,,,,,,,,
,"Myocardial Infarction, peri-operative",,Misc,"Myocardial Infarction, peri-operative",N/A,,,,,,,,,,,,,,,,,,,,,,,,,,,,,,,,,,,,,,,,,,,,,,,,,,,,,,,,,,,,,,,,,,,,,,,,,,,
,Nerve Injury,,Misc,Nerve Injury,N/A,,,,,,,,,,,,,,,,,,,,,,,,,,,,,,,,,,,,,,,,,,,,,,,,,,,,,,,,,,,,,,,,,,,,,,,,,,,
,Neuropraxia,,Misc,Neuropraxia,N/A,,,,,,,,,,,,,,,,,,,,,,,,,,,,,,,,,,,,,,,,,,,,,,,,,,,,,,,,,,,,,,,,,,,,,,,,,,,
,PICC line Occlusion,,Misc,PICC line Occlusion,N/A,,,,,,,,,,,,,,,,,,,,,,,,,,,,,,,,,,,,,,,,,,,,,,,,,,,,,,,,,,,,,,,,,,,,,,,,,,,
,PICC-related DVT,,Misc,PICC-related DVT,N/A,,,,,,,,,,,,,,,,,,,,,,,,,,,,,,,,,,,,,,,,,,,,,,,,,,,,,,,,,,,,,,,,,,,,,,,,,,,
,PICC-related Thrombophlebitis,,Misc,PICC-related Thrombophlebitis,N/A,,,,,,,,,,,,,,,,,,,,,,,,,,,,,,,,,,,,,,,,,,,,,,,,,,,,,,,,,,,,,,,,,,,,,,,,,,,
,"Pneumonia, post-operative",,Misc,"Pneumonia, post-operative",N/A,,,,,,,,,,,,,,,,,,,,,,,,,,,,,,,,,,,,,,,,,,,,,,,,,,,,,,,,,,,,,,,,,,,,,,,,,,,
,Pressure Ulcer,,Misc,Pressure Ulcer,N/A,,,,,,,,,,,,,,,,,,,,,,,,,,,,,,,,,,,,,,,,,,,,,,,,,,,,,,,,,,,,,,,,,,,,,,,,,,,
,Pulmonary Embolus,,Misc,Pulmonary Embolus,N/A,,,,,,,,,,,,,,,,,,,,,,,,,,,,,,,,,,,,,,,,,,,,,,,,,,,,,,,,,,,,,,,,,,,,,,,,,,,
,Seroma without infection,,Misc,Seroma without infection,N/A,,,,,,,,,,,,,,,,,,,,,,,,,,,,,,,,,,,,,,,,,,,,,,,,,,,,,,,,,,,,,,,,,,,,,,,,,,,
,Skin Graft Failure,,Misc,Skin Graft Failure,N/A,,,,,,,,,,,,,,,,,,,,,,,,,,,,,,,,,,,,,,,,,,,,,,,,,,,,,,,,,,,,,,,,,,,,,,,,,,,
,Stress Ulcer,,Misc,Stress Ulcer,N/A,,,,,,,,,,,,,,,,,,,,,,,,,,,,,,,,,,,,,,,,,,,,,,,,,,,,,,,,,,,,,,,,,,,,,,,,,,,
,Stress Ulcer with bleeding,,Misc,Stress Ulcer with bleeding,N/A,,,,,,,,,,,,,,,,,,,,,,,,,,,,,,,,,,,,,,,,,,,,,,,,,,,,,,,,,,,,,,,,,,,,,,,,,,,
,Stroke,,Misc,Stroke,N/A,,,,,,,,,,,,,,,,,,,,,,,,,,,,,,,,,,,,,,,,,,,,,,,,,,,,,,,,,,,,,,,,,,,,,,,,,,,
,Tissue Expander Infection,,Misc,Tissue Expander Infection,N/A,,,,,,,,,,,,,,,,,,,,,,,,,,,,,,,,,,,,,,,,,,,,,,,,,,,,,,,,,,,,,,,,,,,,,,,,,,,
,Unanticipated Return to Surgery within 3 days,,Misc,Unanticipated Return to Surgery within 3 days,N/A,,,,,,,,,,,,,,,,,,,,,,,,,,,,,,,,,,,,,,,,,,,,,,,,,,,,,,,,,,,,,,,,,,,,,,,,,,,
,Vascular Injury,,Misc,Vascular Injury,N/A,,,,,,,,,,,,,,,,,,,,,,,,,,,,,,,,,,,,,,,,,,,,,,,,,,,,,,,,,,,,,,,,,,,,,,,,,,,
,Wound Dehiscence,,Misc,Wound Dehiscence,N/A,,,,,,,,,,,,,,,,,,,,,,,,,,,,,,,,,,,,,,,,,,,,,,,,,,,,,,,,,,,,,,,,,,,,,,,,,,,
,No transfusion,,Misc,No transfusion,N/A,,,,,,,,,,,,,,,,,,,,,,,,,,,,,,,,,,,,,,,,,,,,,,,,,,,,,,,,,,,,,,,,,,,,,,,,,,,
,Transfusion required,,Misc,Transfusion required,N/A,,,,,,,,,,,,,,,,,,,,,,,,,,,,,,,,,,,,,,,,,,,,,,,,,,,,,,,,,,,,,,,,,,,,,,,,,,,
,Hypoxia,,Misc,Hypoxia,N/A,,,,,,,,,,,,,,,,,,,,,,,,,,,,,,,,,,,,,,,,,,,,,,,,,,,,,,,,,,,,,,,,,,,,,,,,,,,
,Severe nausea and vomiting,,Misc,Severe nausea and vomiting,N/A,,,,,,,,,,,,,,,,,,,,,,,,,,,,,,,,,,,,,,,,,,,,,,,,,,,,,,,,,,,,,,,,,,,,,,,,,,,
,Hypotension,,Misc,Hypotension,N/A,,,,,,,,,,,,,,,,,,,,,,,,,,,,,,,,,,,,,,,,,,,,,,,,,,,,,,,,,,,,,,,,,,,,,,,,,,,
,Spinal headache,,Misc,Spinal headache,N/A,,,,,,,,,,,,,,,,,,,,,,,,,,,,,,,,,,,,,,,,,,,,,,,,,,,,,,,,,,,,,,,,,,,,,,,,,,,
,Aspiration,,Misc,Aspiration,N/A,,,,,,,,,,,,,,,,,,,,,,,,,,,,,,,,,,,,,,,,,,,,,,,,,,,,,,,,,,,,,,,,,,,,,,,,,,,
,Pneumonia,,Misc,Pneumonia,N/A,,,,,,,,,,,,,,,,,,,,,,,,,,,,,,,,,,,,,,,,,,,,,,,,,,,,,,,,,,,,,,,,,,,,,,,,,,,
,Severe nausea and vomiting,,Misc,Severe nausea and vomiting,N/A,,,,,,,,,,,,,,,,,,,,,,,,,,,,,,,,,,,,,,,,,,,,,,,,,,,,,,,,,,,,,,,,,,,,,,,,,,,
,Neutropenia,,Misc,Neutropenia,N/A,,,,,,,,,,,,,,,,,,,,,,,,,,,,,,,,,,,,,,,,,,,,,,,,,,,,,,,,,,,,,,,,,,,,,,,,,,,
,Thrombocytopenia,,Misc,Thrombocytopenia,N/A,,,,,,,,,,,,,,,,,,,,,,,,,,,,,,,,,,,,,,,,,,,,,,,,,,,,,,,,,,,,,,,,,,,,,,,,,,,
,Rash,,Misc,Rash,N/A,,,,,,,,,,,,,,,,,,,,,,,,,,,,,,,,,,,,,,,,,,,,,,,,,,,,,,,,,,,,,,,,,,,,,,,,,,,
,Febrile reaction,,Misc,Febrile reaction,N/A,,,,,,,,,,,,,,,,,,,,,,,,,,,,,,,,,,,,,,,,,,,,,,,,,,,,,,,,,,,,,,,,,,,,,,,,,,,
,Acute Kidney Injury,,Misc,Acute Kidney Injury,N/A,,,,,,,,,,,,,,,,,,,,,,,,,,,,,,,,,,,,,,,,,,,,,,,,,,,,,,,,,,,,,,,,,,,,,,,,,,,
,Anaphylaxis,,Misc,Anaphylaxis,N/A,,,,,,,,,,,,,,,,,,,,,,,,,,,,,,,,,,,,,,,,,,,,,,,,,,,,,,,,,,,,,,,,,,,,,,,,,,,
,Atrial fibrillation,,Misc,Atrial fibrillation,N/A,,,,,,,,,,,,,,,,,,,,,,,,,,,,,,,,,,,,,,,,,,,,,,,,,,,,,,,,,,,,,,,,,,,,,,,,,,,
,SVT,,Misc,SVT,N/A,,,,,,,,,,,,,,,,,,,,,,,,,,,,,,,,,,,,,,,,,,,,,,,,,,,,,,,,,,,,,,,,,,,,,,,,,,,
,Superficial,,Misc,Superficial,N/A,,,,,,,,,,,,,,,,,,,,,,,,,,,,,,,,,,,,,,,,,,,,,,,,,,,,,,,,,,,,,,,,,,,,,,,,,,,
,Deep,,Misc,Deep,N/A,,,,,,,,,,,,,,,,,,,,,,,,,,,,,,,,,,,,,,,,,,,,,,,,,,,,,,,,,,,,,,,,,,,,,,,,,,,
,Full-thickness,,Misc,Full-thickness,N/A,,,,,,,,,,,,,,,,,,,,,,,,,,,,,,,,,,,,,,,,,,,,,,,,,,,,,,,,,,,,,,,,,,,,,,,,,,,
,Stage 1,,Misc,Stage 1,N/A,,,,,,,,,,,,,,,,,,,,,,,,,,,,,,,,,,,,,,,,,,,,,,,,,,,,,,,,,,,,,,,,,,,,,,,,,,,
,Stage 2,,Misc,Stage 2,N/A,,,,,,,,,,,,,,,,,,,,,,,,,,,,,,,,,,,,,,,,,,,,,,,,,,,,,,,,,,,,,,,,,,,,,,,,,,,
,Stage 3,,Misc,Stage 3,N/A,,,,,,,,,,,,,,,,,,,,,,,,,,,,,,,,,,,,,,,,,,,,,,,,,,,,,,,,,,,,,,,,,,,,,,,,,,,
,Stage 4,,Misc,Stage 4,N/A,,,,,,,,,,,,,,,,,,,,,,,,,,,,,,,,,,,,,,,,,,,,,,,,,,,,,,,,,,,,,,,,,,,,,,,,,,,
,Resolved,,Misc,Resolved,N/A,,,,,,,,,,,,,,,,,,,,,,,,,,,,,,,,,,,,,,,,,,,,,,,,,,,,,,,,,,,,,,,,,,,,,,,,,,,
,Persistent,,Misc,Persistent,N/A,,,,,,,,,,,,,,,,,,,,,,,,,,,,,,,,,,,,,,,,,,,,,,,,,,,,,,,,,,,,,,,,,,,,,,,,,,,
,Clean and dry,,Misc,Clean and dry,N/A,,,,,,,,,,,,,,,,,,,,,,,,,,,,,,,,,,,,,,,,,,,,,,,,,,,,,,,,,,,,,,,,,,,,,,,,,,,
,Stained,,Misc,Stained,N/A,,,,,,,,,,,,,,,,,,,,,,,,,,,,,,,,,,,,,,,,,,,,,,,,,,,,,,,,,,,,,,,,,,,,,,,,,,,
,Exposed,,Misc,Exposed,N/A,,,,,,,,,,,,,,,,,,,,,,,,,,,,,,,,,,,,,,,,,,,,,,,,,,,,,,,,,,,,,,,,,,,,,,,,,,,
,Oozing,,Misc,Oozing,N/A,,,,,,,,,,,,,,,,,,,,,,,,,,,,,,,,,,,,,,,,,,,,,,,,,,,,,,,,,,,,,,,,,,,,,,,,,,,
,Awake,,Misc,Awake,N/A,,,,,,,,,,,,,,,,,,,,,,,,,,,,,,,,,,,,,,,,,,,,,,,,,,,,,,,,,,,,,,,,,,,,,,,,,,,
,Drowsy,,Misc,Drowsy,N/A,,,,,,,,,,,,,,,,,,,,,,,,,,,,,,,,,,,,,,,,,,,,,,,,,,,,,,,,,,,,,,,,,,,,,,,,,,,
,Light Sleep,,Misc,Light Sleep,N/A,,,,,,,,,,,,,,,,,,,,,,,,,,,,,,,,,,,,,,,,,,,,,,,,,,,,,,,,,,,,,,,,,,,,,,,,,,,
,Deep Sleep,,Misc,Deep Sleep,N/A,,,,,,,,,,,,,,,,,,,,,,,,,,,,,,,,,,,,,,,,,,,,,,,,,,,,,,,,,,,,,,,,,,,,,,,,,,,
,Very difficult to wake up,,Misc,Very difficult to wake up,N/A,,,,,,,,,,,,,,,,,,,,,,,,,,,,,,,,,,,,,,,,,,,,,,,,,,,,,,,,,,,,,,,,,,,,,,,,,,,
,Depressed,,Misc,Depressed,N/A,,,,,,,,,,,,,,,,,,,,,,,,,,,,,,,,,,,,,,,,,,,,,,,,,,,,,,,,,,,,,,,,,,,,,,,,,,,
,Anxious,,Misc,Anxious,N/A,,,,,,,,,,,,,,,,,,,,,,,,,,,,,,,,,,,,,,,,,,,,,,,,,,,,,,,,,,,,,,,,,,,,,,,,,,,
,Environment,,Misc,Environment,N/A,,,,,,,,,,,,,,,,,,,,,,,,,,,,,,,,,,,,,,,,,,,,,,,,,,,,,,,,,,,,,,,,,,,,,,,,,,,
,General Hygiene,,Misc,General Hygiene,N/A,,,,,,,,,,,,,,,,,,,,,,,,,,,,,,,,,,,,,,,,,,,,,,,,,,,,,,,,,,,,,,,,,,,,,,,,,,,
,Medication,,Misc,Medication,N/A,,,,,,,,,,,,,,,,,,,,,,,,,,,,,,,,,,,,,,,,,,,,,,,,,,,,,,,,,,,,,,,,,,,,,,,,,,,
,Visiting hours,,Misc,Visiting hours,N/A,,,,,,,,,,,,,,,,,,,,,,,,,,,,,,,,,,,,,,,,,,,,,,,,,,,,,,,,,,,,,,,,,,,,,,,,,,,
,Isolation instructions,,Misc,Isolation instructions,N/A,,,,,,,,,,,,,,,,,,,,,,,,,,,,,,,,,,,,,,,,,,,,,,,,,,,,,,,,,,,,,,,,,,,,,,,,,,,
,Sleeping time,,Misc,Sleeping time,N/A,,,,,,,,,,,,,,,,,,,,,,,,,,,,,,,,,,,,,,,,,,,,,,,,,,,,,,,,,,,,,,,,,,,,,,,,,,,
,Meal time,,Misc,Meal time,N/A,,,,,,,,,,,,,,,,,,,,,,,,,,,,,,,,,,,,,,,,,,,,,,,,,,,,,,,,,,,,,,,,,,,,,,,,,,,
,Smoking,,Misc,Smoking,N/A,,,,,,,,,,,,,,,,,,,,,,,,,,,,,,,,,,,,,,,,,,,,,,,,,,,,,,,,,,,,,,,,,,,,,,,,,,,
,Medical,,Misc,Medical,N/A,,,,,,,,,,,,,,,,,,,,,,,,,,,,,,,,,,,,,,,,,,,,,,,,,,,,,,,,,,,,,,,,,,,,,,,,,,,
,Discharge plan,,Misc,Discharge plan,N/A,,,,,,,,,,,,,,,,,,,,,,,,,,,,,,,,,,,,,,,,,,,,,,,,,,,,,,,,,,,,,,,,,,,,,,,,,,,
,Dr. Wafa Al-Shawa,,Misc,Dr. Wafa Al-Shawa,N/A,,,,,,,,,,,,,,,,,,,,,,,,,,,,,,,,,,,,,,,,,,,,,,,,,,,,,,,,,,,,,,,,,,,,,,,,,,,
,Debridement of bone,,Misc,Debridement of bone,N/A,,,,,,,,,,,,,,,,,,,,,,,,,,,,,,,,,,,,,,,,,,,,,,,,,,,,,,,,,,,,,,,,,,,,,,,,,,,
,Stiffness of joint,,Misc,Stiffness of joint,N/A,,,,,,,,,,,,,,,,,,,,,,,,,,,,,,,,,,,,,,,,,,,,,,,,,,,,,,,,,,,,,,,,,,,,,,,,,,,
,"PPN, Date recorded",,finding,Date recorded,Date,,,,,,,,,,,,,,,,,,,,,,,,,,,,,,,,,,,,,,,,,,,,,,,,,,,,,,,,,,,,,,,,,,,,,,,,,,,
,"PPN, Patient complaints",,finding,Patient complaints,Coded,,,,,,,None,Pain,Nausea and vomiting,Diarrhea,Fever,Dyspnea,Abdominal Pain,Other,,,,,,,,,,,,,,,,,,,,,,,,,,,,,,,,,,,,,,,,,,,,,,,,,,,,,,,,,,,,,
,"PPN, Patient complaints, other",,finding,"Patient complaints, other",Text,,,,,,,,,,,,,,,,,,,,,,,,,,,,,,,,,,,,,,,,,,,,,,,,,,,,,,,,,,,,,,,,,,,,,,,,,,,
,"PPN, Patient appetite",,finding,Patient appetite,Coded,,,,,,,Good,Poor,Other,,,,,,,,,,,,,,,,,,,,,,,,,,,,,,,,,,,,,,,,,,,,,,,,,,,,,,,,,,,,,,,,,,
,"PPN, Side of wound",,finding,Side of wound,Coded,,,,,,,Right,Left,,,,,,,,,,,,,,,,,,,,,,,,,,,,,,,,,,,,,,,,,,,,,,,,,,,,,,,,,,,,,,,,,,,
,"PPN, Site of wound",,finding,Site of wound,Coded,,,,,,,"Site, Scalp","Site, Face","Site, Forehead including eyebrow","Site, Eye","Site, Ear","Site, Cheek","Site, Nose","Site, Mouth","Site, Upper jaw","Site, Lower jaw","Site, Chin","Site, Neck","Site, Shoulder","Site, Axilla","Site, Breast","Site, Chest","Site, Abdomen","Site, Arm","Site, Elbow","Site, Forearm","Site, Wrist","Site, Hand","Site, Finger","Site, Trunk","Site, Upper back","Site, Lower back","Site, Hip","Site, Gluteal","Site, Groin","Site, Thigh","Site, Knee","Site, Leg","Site, Ankle","Site, Foot","Site, Toe",,,,,,,,,,,,,,,,,,,,,,,,,,,,,,,,,,
,"PPN, Wound assessment",,finding,Wound assessment,Coded,,,,,,,Wound seen,Wound not seen,,,,,,,,,,,,,,,,,,,,,,,,,,,,,,,,,,,,,,,,,,,,,,,,,,,,,,,,,,,,,,,,,,,
,"PPN, Description of wound",,finding,Description of wound,Coded,,,,,,,Healed,Healing,Inflamed,Dehiscence,Other,,,,,,,,,,,,,,,,,,,,,,,,,,,,,,,,,,,,,,,,,,,,,,,,,,,,,,,,,,,,,,,,
,"PPN, Description of wound, other",,finding,"Description of wound, other",Text,,,,,,,,,,,,,,,,,,,,,,,,,,,,,,,,,,,,,,,,,,,,,,,,,,,,,,,,,,,,,,,,,,,,,,,,,,,
,"PPN, Drainage",,finding,Drainage,Coded,,,,,,,None,Serous,Serosanguinous,Bloody,Purulent,Other,,,,,,,,,,,,,,,,,,,,,,,,,,,,,,,,,,,,,,,,,,,,,,,,,,,,,,,,,,,,,,,
,"PPN, Drainage, other",,finding,"Drainage, other",Text,,,,,,,,,,,,,,,,,,,,,,,,,,,,,,,,,,,,,,,,,,,,,,,,,,,,,,,,,,,,,,,,,,,,,,,,,,,
,"PPN, Assessment of patient",,finding,Assessment of patient,Coded,,,,,,,Stable,Improving,Unstable,Deteriorating,Other,,,,,,,,,,,,,,,,,,,,,,,,,,,,,,,,,,,,,,,,,,,,,,,,,,,,,,,,,,,,,,,,
,"PPN, Assessment of patient, other",,finding,"Assessment of patient, other",Text,,,,,,,,,,,,,,,,,,,,,,,,,,,,,,,,,,,,,,,,,,,,,,,,,,,,,,,,,,,,,,,,,,,,,,,,,,,
,"PPN, Surgeon informed of patient assessment",,finding,Surgeon informed of patient assessment,Coded,,,,,,,Yes,No,,,,,,,,,,,,,,,,,,,,,,,,,,,,,,,,,,,,,,,,,,,,,,,,,,,,,,,,,,,,,,,,,,,
,"PPN, Surgical ward patient care plan",,finding,Surgical ward patient care plan,Coded,,,,,,,Continue current therapy,Removal of drain,Start antibiotics,Pain referral,Review labs,Other,,,,,,,,,,,,,,,,,,,,,,,,,,,,,,,,,,,,,,,,,,,,,,,,,,,,,,,,,,,,,,,
,"PPN, Specify side of drain removal",,finding,Specify side of drain removal,Coded,,,,,,,Right,Left,,,,,,,,,,,,,,,,,,,,,,,,,,,,,,,,,,,,,,,,,,,,,,,,,,,,,,,,,,,,,,,,,,,
,"PPN, Specify site of drain removal",,finding,Specify site of drain removal,Coded,,,,,,,"Site, Scalp","Site, Face","Site, Forehead including eyebrow","Site, Eye","Site, Ear","Site, Cheek","Site, Nose","Site, Mouth","Site, Upper jaw","Site, Lower jaw","Site, Chin","Site, Neck","Site, Shoulder","Site, Axilla","Site, Breast","Site, Chest","Site, Abdomen","Site, Arm","Site, Elbow","Site, Forearm","Site, Wrist","Site, Hand","Site, Finger","Site, Trunk","Site, Upper back","Site, Lower back","Site, Hip","Site, Gluteal","Site, Groin","Site, Thigh","Site, Knee","Site, Leg","Site, Ankle","Site, Foot","Site, Toe",,,,,,,,,,,,,,,,,,,,,,,,,,,,,,,,,,
,"PPN, Surgical ward patient care plan, other",,finding,"Surgical ward patient care plan, other",Text,,,,,,,,,,,,,,,,,,,,,,,,,,,,,,,,,,,,,,,,,,,,,,,,,,,,,,,,,,,,,,,,,,,,,,,,,,,
,"CC, Patient complication",,finding,Patient complication,Coded,,,,,,,Acute Kidney Injury,Anemia due to acute blood loss,Anaesthetic complication in OT,Antibiotic Adverse Reaction,Cardiac Arrhythmia,Cellutlits,Death,Deep Venous Thrombosis,Flap Necrosis,Heart Failure,"Hematoma, surgical site",Iatrogenic Fracture,"Implant Removal, unintended",Limb Ischemia,"Myocardial Infarction, peri-operative",Nerve Injury,Neuropraxia,PICC line Occlusion,PICC-related DVT,PICC-related Thrombophlebitis,"Pneumonia, post-operative",Pressure Ulcer,Pulmonary Embolus,Seroma without infection,Skin Graft Failure,Stress Ulcer,Stress Ulcer with bleeding,Stroke,Tissue Expander Infection,Unanticipated Return to Surgery within 3 days,Vascular Injury,Wound Dehiscence,Other,,,,,,,,,,,,,,,,,,,,,,,,,,,,,,,,,,,,
,"CC, Start date of complication",,finding,Start date of complication,Date,,,,,,,,,,,,,,,,,,,,,,,,,,,,,,,,,,,,,,,,,,,,,,,,,,,,,,,,,,,,,,,,,,,,,,,,,,,
,"CC, Anemia due to acute blood loss, description",,finding,"Anemia due to acute blood loss, description",Coded,,,,,,,No transfusion,Transfusion required,,,,,,,,,,,,,,,,,,,,,,,,,,,,,,,,,,,,,,,,,,,,,,,,,,,,,,,,,,,,,,,,,,,
,"CC, Anaesthetic complication in OT, description",,finding,"Anaesthetic complication in OT, description",Coded,,,,,,,Hypoxia,Severe nausea and vomiting,Hypotension,Spinal headache,Aspiration,Pneumonia,Other,,,,,,,,,,,,,,,,,,,,,,,,,,,,,,,,,,,,,,,,,,,,,,,,,,,,,,,,,,,,,,
,"CC, Antibiotic adverse reaction, description",,finding,"Antibiotic adverse reaction, description",Coded,,,,,,,Severe nausea and vomiting,Neutropenia,Thrombocytopenia,Rash,Febrile reaction,Acute Kidney Injury,Anaphylaxis,Other,,,,,,,,,,,,,,,,,,,,,,,,,,,,,,,,,,,,,,,,,,,,,,,,,,,,,,,,,,,,,
,"CC, Cardiac arrhythmia, description",,finding,"Cardiac arrhythmia, description",Coded,,,,,,,Atrial fibrillation,SVT,Other,,,,,,,,,,,,,,,,,,,,,,,,,,,,,,,,,,,,,,,,,,,,,,,,,,,,,,,,,,,,,,,,,,
,"CC, Flap necrosis, description",,finding,"Flap necrosis, description",Coded,,,,,,,Superficial,Deep,Full-thickness,,,,,,,,,,,,,,,,,,,,,,,,,,,,,,,,,,,,,,,,,,,,,,,,,,,,,,,,,,,,,,,,,,
,"CC, Pressure ulcer, description",,finding,"Pressure ulcer, description",Coded,,,,,,,Stage 1,Stage 2,Stage 3,Stage 4,,,,,,,,,,,,,,,,,,,,,,,,,,,,,,,,,,,,,,,,,,,,,,,,,,,,,,,,,,,,,,,,,
,"CC, Description of complication",,finding,Description of complication,Text,,,,,,,,,,,,,,,,,,,,,,,,,,,,,,,,,,,,,,,,,,,,,,,,,,,,,,,,,,,,,,,,,,,,,,,,,,,
,"CC, Outcome of complication",,finding,Outcome of complication,Coded,,,,,,,Resolved,Persistent,,,,,,,,,,,,,,,,,,,,,,,,,,,,,,,,,,,,,,,,,,,,,,,,,,,,,,,,,,,,,,,,,,,
,"CC, End date of complication",,finding,End date of complication,Date,,,,,,,,,,,,,,,,,,,,,,,,,,,,,,,,,,,,,,,,,,,,,,,,,,,,,,,,,,,,,,,,,,,,,,,,,,,
,"WWN, Date recorded",,finding,Date recorded,Date,,,,,,,,,,,,,,,,,,,,,,,,,,,,,,,,,,,,,,,,,,,,,,,,,,,,,,,,,,,,,,,,,,,,,,,,,CIEL,162869,SAME-AS
,"WWN, Temperature",,finding,Temperature,Numeric,C,,,,,,,,,,,,,,,,,,,,,,,,,,,,,,,,,,,,,,,,,,,,,,,,,,,,,,,,,,,,,,,,,,,,,,,,CIEL,5088,SAME-AS
,"WWN, Pulse",,finding,Pulse,Numeric,bpm,,,,,,,,,,,,,,,,,,,,,,,,,,,,,,,,,,,,,,,,,,,,,,,,,,,,,,,,,,,,,,,,,,,,,,,,CIEL,5087,SAME-AS
,"WWN, Respiratory rate",,finding,Respiratory rate,Numeric,breaths/minute,,,,,,,,,,,,,,,,,,,,,,,,,,,,,,,,,,,,,,,,,,,,,,,,,,,,,,,,,,,,,,,,,,,,,,,,CIEL,5242,SAME-AS
,"WWN, Systolic blood pressure",,finding,Systolic blood pressure,Numeric,mmHg,,,,,,,,,,,,,,,,,,,,,,,,,,,,,,,,,,,,,,,,,,,,,,,,,,,,,,,,,,,,,,,,,,,,,,,,CIEL,5085,SAME-AS
,"WWN, Diastolic blood pressure",,finding,Diastolic blood pressure,Numeric,mmHg,,,,,,,,,,,,,,,,,,,,,,,,,,,,,,,,,,,,,,,,,,,,,,,,,,,,,,,,,,,,,,,,,,,,,,,,CIEL,5086,SAME-AS
,"WWN, Pain Severity","For children 3-5 years, use Wong-Baker scale.  For children over 5 years and adults use visual numeric pain scale",finding,Pain Severity,Numeric,,10,0,,,,,,,,,,,,,,,,,,,,,,,,,,,,,,,,,,,,,,,,,,,,,,,,,,,,,,,,,,,,,,,,,,,,,,CIEL,160287,SAME-AS
,"WWN, Side of pain",,finding,Side of pain,Coded,,,,,,,Right,Left,,,,,,,,,,,,,,,,,,,,,,,,,,,,,,,,,,,,,,,,,,,,,,,,,,,,,,,,,,,,,,,,,,,
,"WWN, Site of pain",,finding,Site of pain,Coded,,,,,,,"Site, Scalp","Site, Face","Site, Forehead including eyebrow","Site, Eye","Site, Ear","Site, Cheek","Site, Nose","Site, Mouth","Site, Upper jaw","Site, Lower jaw","Site, Chin","Site, Neck","Site, Shoulder","Site, Axilla","Site, Breast","Site, Chest","Site, Abdomen","Site, Arm","Site, Elbow","Site, Forearm","Site, Wrist","Site, Hand","Site, Finger","Site, Trunk","Site, Upper back","Site, Lower back","Site, Hip","Site, Gluteal","Site, Groin","Site, Thigh","Site, Knee","Site, Leg","Site, Ankle","Site, Foot","Site, Toe",,,,,,,,,,,,,,,,,,,,,,,,,,,,,,,,,,
,"WWN, Type of pain",,finding,Type of pain,Text,,,,,,,,,,,,,,,,,,,,,,,,,,,,,,,,,,,,,,,,,,,,,,,,,,,,,,,,,,,,,,,,,,,,,,,,,,,
,"WWN, When does the pain occur ",,finding,When does the pain occur ,Text,,,,,,,,,,,,,,,,,,,,,,,,,,,,,,,,,,,,,,,,,,,,,,,,,,,,,,,,,,,,,,,,,,,,,,,,,,,
,"WWN, Does the patient have a drain?",,finding,Does the patient have a drain?,coded,,,,,,,Yes,No,,,,,,,,,,,,,,,,,,,,,,,,,,,,,,,,,,,,,,,,,,,,,,,,,,,,,,,,,,,,,,,,,,,
,"WWN, Side of drain",,finding,Side of drain,coded,,,,,,,Right,Left,,,,,,,,,,,,,,,,,,,,,,,,,,,,,,,,,,,,,,,,,,,,,,,,,,,,,,,,,,,,,,,,,,,
,"WWN, Site of drain",,finding,Site of drain,coded,,,,,,,"Site, Scalp","Site, Face","Site, Forehead including eyebrow","Site, Eye","Site, Ear","Site, Cheek","Site, Nose","Site, Mouth","Site, Upper jaw","Site, Lower jaw","Site, Chin","Site, Neck","Site, Shoulder","Site, Axilla","Site, Breast","Site, Chest","Site, Abdomen","Site, Arm","Site, Elbow","Site, Forearm","Site, Wrist","Site, Hand","Site, Finger","Site, Trunk","Site, Upper back","Site, Lower back","Site, Hip","Site, Gluteal","Site, Groin","Site, Thigh","Site, Knee","Site, Leg","Site, Ankle","Site, Foot","Site, Toe",,,,,,,,,,,,,,,,,,,,,,,,,,,,,,,,,,
,"WWN, Drainage",Output from drains / ml,finding,Drainage,Numeric,,,,,,,,,,,,,,,,,,,,,,,,,,,,,,,,,,,,,,,,,,,,,,,,,,,,,,,,,,,,,,,,,,,,,,,,,,,
,"WWN, Change Position",,finding,Change Position,Text,,,,,,,,,,,,,,,,,,,,,,,,,,,,,,,,,,,,,,,,,,,,,,,,,,,,,,,,,,,,,,,,,,,,,,,,,,,
,"WWN, Does the patient have a dressing?",,finding,Does the patient have a dressing?,coded,,,,,,,yes,No,,,,,,,,,,,,,,,,,,,,,,,,,,,,,,,,,,,,,,,,,,,,,,,,,,,,,,,,,,,,,,,,,,,
,"WWN, Side of dressing",,finding,Side of dressing,coded,,,,,,,Right,Left,,,,,,,,,,,,,,,,,,,,,,,,,,,,,,,,,,,,,,,,,,,,,,,,,,,,,,,,,,,,,,,,,,,
,"WWN, Site of dressing",,finding,Site of dressing,coded,,,,,,,"Site, Scalp","Site, Face","Site, Forehead including eyebrow","Site, Eye","Site, Ear","Site, Cheek","Site, Nose","Site, Mouth","Site, Upper jaw","Site, Lower jaw","Site, Chin","Site, Neck","Site, Shoulder","Site, Axilla","Site, Breast","Site, Chest","Site, Abdomen","Site, Arm","Site, Elbow","Site, Forearm","Site, Wrist","Site, Hand","Site, Finger","Site, Trunk","Site, Upper back","Site, Lower back","Site, Hip","Site, Gluteal","Site, Groin","Site, Thigh","Site, Knee","Site, Leg","Site, Ankle","Site, Foot","Site, Toe",,,,,,,,,,,,,,,,,,,,,,,,,,,,,,,,,,
,"WWN, Description of wound",,finding,Description of wound,coded,,,,,,,Clean and dry,Stained,Exposed,Oozing,Other,,,,,,,,,,,,,,,,,,,,,,,,,,,,,,,,,,,,,,,,,,,,,,,,,,,,,,,,,,,,,,,,
,"WWN, Description of wound, other",,finding,"Description of wound, other",Text,,,,,,,,,,,,,,,,,,,,,,,,,,,,,,,,,,,,,,,,,,,,,,,,,,,,,,,,,,,,,,,,,,,,,,,,,,,
,"WWN, Dressing, comments",,finding,"Dressing, comments",Text,,,,,,,,,,,,,,,,,,,,,,,,,,,,,,,,,,,,,,,,,,,,,,,,,,,,,,,,,,,,,,,,,,,,,,,,,,,
,"WWN, Does the patient have a peripheral line?",,finding,Does the patient have a peripheral line?,coded,,,,,,,yes,No,,,,,,,,,,,,,,,,,,,,,,,,,,,,,,,,,,,,,,,,,,,,,,,,,,,,,,,,,,,,,,,,,,,
,"WWN, Site of peripheral line",,finding,Site of peripheral line,coded,,,,,,,"Site, Scalp","Site, Face","Site, Forehead including eyebrow","Site, Eye","Site, Ear","Site, Cheek","Site, Nose","Site, Mouth","Site, Upper jaw","Site, Lower jaw","Site, Chin","Site, Neck","Site, Shoulder","Site, Axilla","Site, Breast","Site, Chest","Site, Abdomen","Site, Arm","Site, Elbow","Site, Forearm","Site, Wrist","Site, Hand","Site, Finger","Site, Trunk","Site, Upper back","Site, Lower back","Site, Hip","Site, Gluteal","Site, Groin","Site, Thigh","Site, Knee","Site, Leg","Site, Ankle","Site, Foot","Site, Toe",,,,,,,,,,,,,,,,,,,,,,,,,,,,,,,,,,
,"WWN, Date of insertion, peripheral line",,finding,"Date of insertion, peripheral line",Date,,,,,,,,,,,,,,,,,,,,,,,,,,,,,,,,,,,,,,,,,,,,,,,,,,,,,,,,,,,,,,,,,,,,,,,,,CIEL,162869,SAME-AS
,"WWN, Date of removal, peripheral line",,finding,"Date of removal, peripheral line",Date,,,,,,,,,,,,,,,,,,,,,,,,,,,,,,,,,,,,,,,,,,,,,,,,,,,,,,,,,,,,,,,,,,,,,,,,,CIEL,162869,SAME-AS
,"WWN, Comments, peripheral line",,finding,"Comments, peripheral line",Text,,,,,,,,,,,,,,,,,,,,,,,,,,,,,,,,,,,,,,,,,,,,,,,,,,,,,,,,,,,,,,,,,,,,,,,,,,,
,"WWN, Does the patient have a PICC line?",,finding,Does the patient have a PICC line?,coded,,,,,,,yes,No,,,,,,,,,,,,,,,,,,,,,,,,,,,,,,,,,,,,,,,,,,,,,,,,,,,,,,,,,,,,,,,,,,,
,"WWN, Date of insertion, PICC line",,finding,"Date of insertion, PICC line",Date,,,,,,,,,,,,,,,,,,,,,,,,,,,,,,,,,,,,,,,,,,,,,,,,,,,,,,,,,,,,,,,,,,,,,,,,,CIEL,162869,SAME-AS
,"WWN, Date of dressing",,finding,Date of dressing,Date,,,,,,,,,,,,,,,,,,,,,,,,,,,,,,,,,,,,,,,,,,,,,,,,,,,,,,,,,,,,,,,,,,,,,,,,,CIEL,162869,SAME-AS
,"WWN, Comments, dressing PICC line",,finding,"Comments, dressing PICC line",Text,,,,,,,,,,,,,,,,,,,,,,,,,,,,,,,,,,,,,,,,,,,,,,,,,,,,,,,,,,,,,,,,,,,,,,,,,,,
,"WWN, Date of removal, PICC line",,finding,"Date of removal, PICC line",Date,,,,,,,,,,,,,,,,,,,,,,,,,,,,,,,,,,,,,,,,,,,,,,,,,,,,,,,,,,,,,,,,,,,,,,,,,CIEL,162869,SAME-AS
,"WWN, Does the patient have a Foley catheter?",,finding,Does the patient have a Foley catheter?,coded,,,,,,,yes,No,,,,,,,,,,,,,,,,,,,,,,,,,,,,,,,,,,,,,,,,,,,,,,,,,,,,,,,,,,,,,,,,,,,
,"WWN, Does the patient have a tissue expander?",,finding,Does the patient have a tissue expander?,coded,,,,,,,yes,No,,,,,,,,,,,,,,,,,,,,,,,,,,,,,,,,,,,,,,,,,,,,,,,,,,,,,,,,,,,,,,,,,,,
,"WWN, Site of tissue expander",,finding,Site of tissue expander,coded,,,,,,,"Site, Scalp","Site, Face","Site, Forehead including eyebrow","Site, Eye","Site, Ear","Site, Cheek","Site, Nose","Site, Mouth","Site, Upper jaw","Site, Lower jaw","Site, Chin","Site, Neck","Site, Shoulder","Site, Axilla","Site, Breast","Site, Chest","Site, Abdomen","Site, Arm","Site, Elbow","Site, Forearm","Site, Wrist","Site, Hand","Site, Finger","Site, Trunk","Site, Upper back","Site, Lower back","Site, Hip","Site, Gluteal","Site, Groin","Site, Thigh","Site, Knee","Site, Leg","Site, Ankle","Site, Foot","Site, Toe",,,,,,,,,,,,,,,,,,,,,,,,,,,,,,,,,,
,"WWN, Quantity injected",,finding,Quanity injected,Numeric,cc,,,,,,,,,,,,,,,,,,,,,,,,,,,,,,,,,,,,,,,,,,,,,,,,,,,,,,,,,,,,,,,,,,,,,,,,,,
,"WWN, Quantity withdrawn",,finding,Quantity withdrawn,Numeric,cc,,,,,,,,,,,,,,,,,,,,,,,,,,,,,,,,,,,,,,,,,,,,,,,,,,,,,,,,,,,,,,,,,,,,,,,,,,
,"WWN, Total volume in tissue expander",,finding,Total volume in tissue expander,Numeric,cc,,,,,,,,,,,,,,,,,,,,,,,,,,,,,,,,,,,,,,,,,,,,,,,,,,,,,,,,,,,,,,,,,,,,,,,,,,
,"WWN, Condition of tissue expander",,finding,Condition of tissue expander,Text,,,,,,,,,,,,,,,,,,,,,,,,,,,,,,,,,,,,,,,,,,,,,,,,,,,,,,,,,,,,,,,,,,,,,,,,,,,
,"WWN, Nursing consultation notes",,finding,Nursing consultation notes,Text,,,,,,,,,,,,,,,,,,,,,,,,,,,,,,,,,,,,,,,,,,,,,,,,,,,,,,,,,,,,,,,,,,,,,,,,,,,
,"WWN, Blood sugar",,finding,Blood sugar,Coded,,,,,,,Yes,No,,,,,,,,,,,,,,,,,,,,,,,,,,,,,,,,,,,,,,,,,,,,,,,,,,,,,,,,,,,,,,,,,,,
,"WWN, RBS before meal",,finding,RBS before meal,Numeric,,,,,,,,,,,,,,,,,,,,,,,,,,,,,,,,,,,,,,,,,,,,,,,,,,,,,,,,,,,,,,,,,,,,,,,,,,,
,"WWN, RBS after meal",,finding,RBS after meal,Numeric,,,,,,,,,,,,,,,,,,,,,,,,,,,,,,,,,,,,,,,,,,,,,,,,,,,,,,,,,,,,,,,,,,,,,,,,,,,
,"WWN, FBS",,finding,FBS,Numeric,,,,,,,,,,,,,,,,,,,,,,,,,,,,,,,,,,,,,,,,,,,,,,,,,,,,,,,,,,,,,,,,,,,,,,,,,,,
,"WWN, Insulin given",,finding,Insulin given,Coded,,,,,,,yes,No,,,,,,,,,,,,,,,,,,,,,,,,,,,,,,,,,,,,,,,,,,,,,,,,,,,,,,,,,,,,,,,,,,,
,"WWN, How much insulin given",,finding,How much insulin given,Numeric,,,,,,,,,,,,,,,,,,,,,,,,,,,,,,,,,,,,,,,,,,,,,,,,,,,,,,,,,,,,,,,,,,,,,,,,,,,
,"POW, Date recorded",,finding,Date recorded,Date,,,,,,,,,,,,,,,,,,,,,,,,,,,,,,,,,,,,,,,,,,,,,,,,,,,,,,,,,,,,,,,,,,,,,,,,,CIEL,162869,SAME-AS
,"POW, Consciousness",,finding,Consciousness,Coded,,,,,,,Awake,Drowsy,Light Sleep,Deep Sleep,Very difficult to wake up,,,,,,,,,,,,,,,,,,,,,,,,,,,,,,,,,,,,,,,,,,,,,,,,,,,,,,,,,,,,,,,,
,"POW, Oxygen",,finding,Oxygen,Numeric,L/min,,,,,,,,,,,,,,,,,,,,,,,,,,,,,,,,,,,,,,,,,,,,,,,,,,,,,,,,,,,,,,,,,,,,,,,,,,
,"POW, Blood oxygen saturation",,finding,Blood oxygen saturation,Numeric,%,,,,,,,,,,,,,,,,,,,,,,,,,,,,,,,,,,,,,,,,,,,,,,,,,,,,,,,,,,,,,,,,,,,,,,,,CIEL,5092,SAME-AS
,"POW, Respiration rate",,finding,Respiration rate,Numeric,breaths/minute,,,,,,,,,,,,,,,,,,,,,,,,,,,,,,,,,,,,,,,,,,,,,,,,,,,,,,,,,,,,,,,,,,,,,,,,CIEL,5242,SAME-AS
,"POW, Pulse",,finding,Pulse,Numeric,bpm,,,,,,,,,,,,,,,,,,,,,,,,,,,,,,,,,,,,,,,,,,,,,,,,,,,,,,,,,,,,,,,,,,,,,,,,CIEL,5087,SAME-AS
,"POW, Systolic blood pressure",,finding,Systolic blood pressure,Numeric,mmHg,,,,,,,,,,,,,,,,,,,,,,,,,,,,,,,,,,,,,,,,,,,,,,,,,,,,,,,,,,,,,,,,,,,,,,,,CIEL,5085,SAME-AS
,"POW, Diastolic blood pressure",,finding,Diastolic blood pressure,Numeric,mmHg,,,,,,,,,,,,,,,,,,,,,,,,,,,,,,,,,,,,,,,,,,,,,,,,,,,,,,,,,,,,,,,,,,,,,,,,CIEL,5086,SAME-AS
,"POW, Temperature",,finding,Temperature,Numeric,C,,,,,,,,,,,,,,,,,,,,,,,,,,,,,,,,,,,,,,,,,,,,,,,,,,,,,,,,,,,,,,,,,,,,,,,,CIEL,5088,SAME-AS
,"POW, Pain Severity","For children 3-5 years, use Wong-Baker scale.  For children over 5 years and adults use visual numeric pain scale",finding,Pain Severity,Numeric,,10,0,,,,,,,,,,,,,,,,,,,,,,,,,,,,,,,,,,,,,,,,,,,,,,,,,,,,,,,,,,,,,,,,,,,,,,CIEL,160287,SAME-AS
,"POW, Side of pain",,finding,Side of pain,Coded,,,,,,,Right,Left,,,,,,,,,,,,,,,,,,,,,,,,,,,,,,,,,,,,,,,,,,,,,,,,,,,,,,,,,,,,,,,,,,,
,"POW, Site of pain",,finding,Site of pain,Coded,,,,,,,"Site, Scalp","Site, Face","Site, Forehead including eyebrow","Site, Eye","Site, Ear","Site, Cheek","Site, Nose","Site, Mouth","Site, Upper jaw","Site, Lower jaw","Site, Chin","Site, Neck","Site, Shoulder","Site, Axilla","Site, Breast","Site, Chest","Site, Abdomen","Site, Arm","Site, Elbow","Site, Forearm","Site, Wrist","Site, Hand","Site, Finger","Site, Trunk","Site, Upper back","Site, Lower back","Site, Hip","Site, Gluteal","Site, Groin","Site, Thigh","Site, Knee","Site, Leg","Site, Ankle","Site, Foot","Site, Toe",,,,,,,,,,,,,,,,,,,,,,,,,,,,,,,,,,
,"POW, Type of pain",,finding,Type of pain,Text,,,,,,,,,,,,,,,,,,,,,,,,,,,,,,,,,,,,,,,,,,,,,,,,,,,,,,,,,,,,,,,,,,,,,,,,,,,
,"POW, When does the pain occur ",,finding,When does the pain occur ,Text,,,,,,,,,,,,,,,,,,,,,,,,,,,,,,,,,,,,,,,,,,,,,,,,,,,,,,,,,,,,,,,,,,,,,,,,,,,
,"POW, Nausea",,finding,Nausea,coded,,,,,,,yes,No,,,,,,,,,,,,,,,,,,,,,,,,,,,,,,,,,,,,,,,,,,,,,,,,,,,,,,,,,,,,,,,,,CIEL,5987,SAME-AS
,"POW, Vomiting",,finding,Vomiting,coded,,,,,,,yes,No,,,,,,,,,,,,,,,,,,,,,,,,,,,,,,,,,,,,,,,,,,,,,,,,,,,,,,,,,,,,,,,,,CIEL,122983,SAME-AS
,"POW, Side of dressing",,finding,Side of dressing,coded,,,,,,,Right,Left,,,,,,,,,,,,,,,,,,,,,,,,,,,,,,,,,,,,,,,,,,,,,,,,,,,,,,,,,,,,,,,,,,,
,"POW, Site of dressing",,finding,Site of dressing,coded,,,,,,,"Site, Scalp","Site, Face","Site, Forehead including eyebrow","Site, Eye","Site, Ear","Site, Cheek","Site, Nose","Site, Mouth","Site, Upper jaw","Site, Lower jaw","Site, Chin","Site, Neck","Site, Shoulder","Site, Axilla","Site, Breast","Site, Chest","Site, Abdomen","Site, Arm","Site, Elbow","Site, Forearm","Site, Wrist","Site, Hand","Site, Finger","Site, Trunk","Site, Upper back","Site, Lower back","Site, Hip","Site, Gluteal","Site, Groin","Site, Thigh","Site, Knee","Site, Leg","Site, Ankle","Site, Foot","Site, Toe",,,,,,,,,,,,,,,,,,,,,,,,,,,,,,,,,,
,"POW, Description of wound",,finding,Description of wound,coded,,,,,,,Clean and dry,Stained,Exposed,Oozing,Other,,,,,,,,,,,,,,,,,,,,,,,,,,,,,,,,,,,,,,,,,,,,,,,,,,,,,,,,,,,,,,,,
,"POW, Description of wound, other",,finding,"Description of wound, other",Text,,,,,,,,,,,,,,,,,,,,,,,,,,,,,,,,,,,,,,,,,,,,,,,,,,,,,,,,,,,,,,,,,,,,,,,,,,,
,"POW, Urine",,finding,Urine,coded,,,,,,,yes,No,,,,,,,,,,,,,,,,,,,,,,,,,,,,,,,,,,,,,,,,,,,,,,,,,,,,,,,,,,,,,,,,,,,
,"POW, Does the patient have a drain?",,finding,Does the patient have a drain?,coded,,,,,,,yes,No,,,,,,,,,,,,,,,,,,,,,,,,,,,,,,,,,,,,,,,,,,,,,,,,,,,,,,,,,,,,,,,,,,,
,"POW, Side of drain",,finding,Side of drain,coded,,,,,,,Right,Left,,,,,,,,,,,,,,,,,,,,,,,,,,,,,,,,,,,,,,,,,,,,,,,,,,,,,,,,,,,,,,,,,,,
,"POW, Site of drain",,finding,Site of drain,coded,,,,,,,"Site, Scalp","Site, Face","Site, Forehead including eyebrow","Site, Eye","Site, Ear","Site, Cheek","Site, Nose","Site, Mouth","Site, Upper jaw","Site, Lower jaw","Site, Chin","Site, Neck","Site, Shoulder","Site, Axilla","Site, Breast","Site, Chest","Site, Abdomen","Site, Arm","Site, Elbow","Site, Forearm","Site, Wrist","Site, Hand","Site, Finger","Site, Trunk","Site, Upper back","Site, Lower back","Site, Hip","Site, Gluteal","Site, Groin","Site, Thigh","Site, Knee","Site, Leg","Site, Ankle","Site, Foot","Site, Toe",,,,,,,,,,,,,,,,,,,,,,,,,,,,,,,,,,
,"POW, Drainage",Output from drains / ml,finding,Drainage,Numeric,,,,,,,,,,,,,,,,,,,,,,,,,,,,,,,,,,,,,,,,,,,,,,,,,,,,,,,,,,,,,,,,,,,,,,,,,,,
,"POW, Patient Position",,finding,Patient Position,Text,,,,,,,,,,,,,,,,,,,,,,,,,,,,,,,,,,,,,,,,,,,,,,,,,,,,,,,,,,,,,,,,,,,,,,,,,,,
,"ANA, Date recorded",,finding,Date recorded,Date,,,,,,,,,,,,,,,,,,,,,,,,,,,,,,,,,,,,,,,,,,,,,,,,,,,,,,,,,,,,,,,,,,,,,,,,,CIEL,162869,SAME-AS
,"ANA, Reason for admission",,finding,Reason for admission,coded,,,,,,,Surgical,Medical,Other,,,,,,,,,,,,,,,,,,,,,,,,,,,,,,,,,,,,,,,,,,,,,,,,,,,,,,,,,,,,,,,,CIEL,1655,SAME-AS
,"ANA, Reason for admission, other",,finding,"Reason for admission, other",Text,,,,,,,,,,,,,,,,,,,,,,,,,,,,,,,,,,,,,,,,,,,,,,,,,,,,,,,,,,,,,,,,,,,,,,,,,,,
,"ANA, Temperature",,finding,Temperature,Numeric,C,,,,,,,,,,,,,,,,,,,,,,,,,,,,,,,,,,,,,,,,,,,,,,,,,,,,,,,,,,,,,,,,,,,,,,,,CIEL,5088,SAME-AS
,"ANA, Pulse",,finding,Pulse,Numeric,bpm,,,,,,,,,,,,,,,,,,,,,,,,,,,,,,,,,,,,,,,,,,,,,,,,,,,,,,,,,,,,,,,,,,,,,,,,CIEL,5087,SAME-AS
,"ANA, Respiratory rate",,finding,Respiratory rate,Numeric,breaths/minute,,,,,,,,,,,,,,,,,,,,,,,,,,,,,,,,,,,,,,,,,,,,,,,,,,,,,,,,,,,,,,,,,,,,,,,,CIEL,5242,SAME-AS
,"ANA, Systolic blood pressure",,finding,Systolic blood pressure,Numeric,mmHg,,,,,,,,,,,,,,,,,,,,,,,,,,,,,,,,,,,,,,,,,,,,,,,,,,,,,,,,,,,,,,,,,,,,,,,,CIEL,5085,SAME-AS
,"ANA, Diastolic blood pressure",,finding,Diastolic blood pressure,Numeric,mmHg,,,,,,,,,,,,,,,,,,,,,,,,,,,,,,,,,,,,,,,,,,,,,,,,,,,,,,,,,,,,,,,,,,,,,,,,CIEL,5086,SAME-AS
,"ANA, Blood oxygen saturation",,finding,Blood oxygen saturation,Numeric,%,,,,,,,,,,,,,,,,,,,,,,,,,,,,,,,,,,,,,,,,,,,,,,,,,,,,,,,,,,,,,,,,,,,,,,,,CIEL,5092,SAME-AS
,"ANA, Blood glucose",,finding,Blood glucose,Numeric,mg/dl,,,,,,,,,,,,,,,,,,,,,,,,,,,,,,,,,,,,,,,,,,,,,,,,,,,,,,,,,,,,,,,,,,,,,,,,CIEL,163387,SAME-AS
,"ANA, Pain Severity","For children 3-5 years, use Wong-Baker scale.  For children over 5 years and adults use visual numeric pain scale",finding,Pain Severity,Numeric,,10,0,,,,,,,,,,,,,,,,,,,,,,,,,,,,,,,,,,,,,,,,,,,,,,,,,,,,,,,,,,,,,,,,,,,,,,CIEL,160287,SAME-AS
,"ANA, Side of pain",,finding,Side of pain,Coded,,,,,,,Right,Left,,,,,,,,,,,,,,,,,,,,,,,,,,,,,,,,,,,,,,,,,,,,,,,,,,,,,,,,,,,,,,,,,,,
,"ANA, Site of pain",,finding,Site of pain,Coded,,,,,,,"Site, Scalp","Site, Face","Site, Forehead including eyebrow","Site, Eye","Site, Ear","Site, Cheek","Site, Nose","Site, Mouth","Site, Upper jaw","Site, Lower jaw","Site, Chin","Site, Neck","Site, Shoulder","Site, Axilla","Site, Breast","Site, Chest","Site, Abdomen","Site, Arm","Site, Elbow","Site, Forearm","Site, Wrist","Site, Hand","Site, Finger","Site, Trunk","Site, Upper back","Site, Lower back","Site, Hip","Site, Gluteal","Site, Groin","Site, Thigh","Site, Knee","Site, Leg","Site, Ankle","Site, Foot","Site, Toe",,,,,,,,,,,,,,,,,,,,,,,,,,,,,,,,,,
,"ANA, Type of pain",,finding,Type of pain,Text,,,,,,,,,,,,,,,,,,,,,,,,,,,,,,,,,,,,,,,,,,,,,,,,,,,,,,,,,,,,,,,,,,,,,,,,,,,
,"ANA, When does the pain occur ",,finding,When does the pain occur ,Text,,,,,,,,,,,,,,,,,,,,,,,,,,,,,,,,,,,,,,,,,,,,,,,,,,,,,,,,,,,,,,,,,,,,,,,,,,,
,"ANA, Patient mood",,finding,Patient mood,Coded,,,,,,,Normal,Depressed,Anxious,Other,,,,,,,,,,,,,,,,,,,,,,,,,,,,,,,,,,,,,,,,,,,,,,,,,,,,,,,,,,,,,,,,,
,"ANA, Patient mood, other",,finding,"Patient mood, other",Text,,,,,,,,,,,,,,,,,,,,,,,,,,,,,,,,,,,,,,,,,,,,,,,,,,,,,,,,,,,,,,,,,,,,,,,,,,,
,"ANA, Does the patient have suicidal or depressive thoughts?",,finding,Does the patient have suicidal or depressive thoughts?,Coded,,,,,,,yes,No,,,,,,,,,,,,,,,,,,,,,,,,,,,,,,,,,,,,,,,,,,,,,,,,,,,,,,,,,,,,,,,,,,,
,"ANA, Number of wounds",,finding,Number of wounds,Numeric,,,,,,,,,,,,,,,,,,,,,,,,,,,,,,,,,,,,,,,,,,,,,,,,,,,,,,,,,,,,,,,,,,,,,,,,,,,
,"ANA, Site of wound",,finding,Site of wound,Coded,,,,,,,"Site, Scalp","Site, Face","Site, Forehead including eyebrow","Site, Eye","Site, Ear","Site, Cheek","Site, Nose","Site, Mouth","Site, Upper jaw","Site, Lower jaw","Site, Chin","Site, Neck","Site, Shoulder","Site, Axilla","Site, Breast","Site, Chest","Site, Abdomen","Site, Arm","Site, Elbow","Site, Forearm","Site, Wrist","Site, Hand","Site, Finger","Site, Trunk","Site, Upper back","Site, Lower back","Site, Hip","Site, Gluteal","Site, Groin","Site, Thigh","Site, Knee","Site, Leg","Site, Ankle","Site, Foot","Site, Toe",,,,,,,,,,,,,,,,,,,,,,,,,,,,,,,,,,
,"ANA, Description",,finding,Description,Text,,,,,,,,,,,,,,,,,,,,,,,,,,,,,,,,,,,,,,,,,,,,,,,,,,,,,,,,,,,,,,,,,,,,,,,,,,,
,"ANA, Nutritional Assessment",,finding,Nutritional Assessment,Coded,,,,,,,Regular,Low salt,High protein,Diabetic diet,Other,,,,,,,,,,,,,,,,,,,,,,,,,,,,,,,,,,,,,,,,,,,,,,,,,,,,,,,,,,,,,,,,
,"ANA, Nutritional Assessment, other",,finding,"Nutritional Assessment, other",Text,,,,,,,,,,,,,,,,,,,,,,,,,,,,,,,,,,,,,,,,,,,,,,,,,,,,,,,,,,,,,,,,,,,,,,,,,,,
,"ANA, Admission Nursing Notes",,finding,Admission Nursing Notes,Text,,,,,,,,,,,,,,,,,,,,,,,,,,,,,,,,,,,,,,,,,,,,,,,,,,,,,,,,,,,,,,,,,,,,,,,,,,,
,"ANA, Orientation of the patient",,finding,Orientation of the patient,Coded,,,,,,,Environment,General Hygiene,Medication,Visiting hours,Isolation instructions,Sleeping time,Meal time,Smoking,Discharge plan,,,,,,,,,,,,,,,,,,,,,,,,,,,,,,,,,,,,,,,,,,,,,,,,,,,,,,,,,,,,
,"ONN, Date recorded",,finding,Date recorded,Date,,,,,,,,,,,,,,,,,,,,,,,,,,,,,,,,,,,,,,,,,,,,,,,,,,,,,,,,,,,,,,,,,,,,,,,,,CIEL,162869,SAME-AS
,"ONN, Temperature",,finding,Temperature,Numeric,C,,,,,,,,,,,,,,,,,,,,,,,,,,,,,,,,,,,,,,,,,,,,,,,,,,,,,,,,,,,,,,,,,,,,,,,,CIEL,5088,SAME-AS
,"ONN, Pulse",,finding,Pulse,Numeric,bpm,,,,,,,,,,,,,,,,,,,,,,,,,,,,,,,,,,,,,,,,,,,,,,,,,,,,,,,,,,,,,,,,,,,,,,,,CIEL,5087,SAME-AS
,"ONN, Respiratory rate",,finding,Respiratory rate,Numeric,breaths/minute,,,,,,,,,,,,,,,,,,,,,,,,,,,,,,,,,,,,,,,,,,,,,,,,,,,,,,,,,,,,,,,,,,,,,,,,CIEL,5242,SAME-AS
,"ONN, Systolic blood pressure",,finding,Systolic blood pressure,Numeric,mmHg,,,,,,,,,,,,,,,,,,,,,,,,,,,,,,,,,,,,,,,,,,,,,,,,,,,,,,,,,,,,,,,,,,,,,,,,CIEL,5085,SAME-AS
,"ONN, Diastolic blood pressure",,finding,Diastolic blood pressure,Numeric,mmHg,,,,,,,,,,,,,,,,,,,,,,,,,,,,,,,,,,,,,,,,,,,,,,,,,,,,,,,,,,,,,,,,,,,,,,,,CIEL,5086,SAME-AS
,"ONN, Pain Severity","For children 3-5 years, use Wong-Baker scale.  For children over 5 years and adults use visual numeric pain scale",finding,Pain Severity,Numeric,,10,0,,,,,,,,,,,,,,,,,,,,,,,,,,,,,,,,,,,,,,,,,,,,,,,,,,,,,,,,,,,,,,,,,,,,,,CIEL,160287,SAME-AS
,"ONN, Side of pain",,finding,Side of pain,Coded,,,,,,,Right,Left,,,,,,,,,,,,,,,,,,,,,,,,,,,,,,,,,,,,,,,,,,,,,,,,,,,,,,,,,,,,,,,,,,,
,"ONN, Site of pain",,finding,Site of pain,Coded,,,,,,,"Site, Scalp","Site, Face","Site, Forehead including eyebrow","Site, Eye","Site, Ear","Site, Cheek","Site, Nose","Site, Mouth","Site, Upper jaw","Site, Lower jaw","Site, Chin","Site, Neck","Site, Shoulder","Site, Axilla","Site, Breast","Site, Chest","Site, Abdomen","Site, Arm","Site, Elbow","Site, Forearm","Site, Wrist","Site, Hand","Site, Finger","Site, Trunk","Site, Upper back","Site, Lower back","Site, Hip","Site, Gluteal","Site, Groin","Site, Thigh","Site, Knee","Site, Leg","Site, Ankle","Site, Foot","Site, Toe",,,,,,,,,,,,,,,,,,,,,,,,,,,,,,,,,,
,"ONN, Type of pain",,finding,Type of pain,Text,,,,,,,,,,,,,,,,,,,,,,,,,,,,,,,,,,,,,,,,,,,,,,,,,,,,,,,,,,,,,,,,,,,,,,,,,,,
,"ONN, When does the pain occur ",,finding,When does the pain occur ,Text,,,,,,,,,,,,,,,,,,,,,,,,,,,,,,,,,,,,,,,,,,,,,,,,,,,,,,,,,,,,,,,,,,,,,,,,,,,
,"ONN, Does the patient have a dressing?",,finding,Does the patient have a dressing?,coded,,,,,,,yes,No,,,,,,,,,,,,,,,,,,,,,,,,,,,,,,,,,,,,,,,,,,,,,,,,,,,,,,,,,,,,,,,,,,,
,"ONN, Side of dressing",,finding,Side of dressing,coded,,,,,,,Right,Left,,,,,,,,,,,,,,,,,,,,,,,,,,,,,,,,,,,,,,,,,,,,,,,,,,,,,,,,,,,,,,,,,,,
,"ONN, Site of dressing",,finding,Site of dressing,coded,,,,,,,"Site, Scalp","Site, Face","Site, Forehead including eyebrow","Site, Eye","Site, Ear","Site, Cheek","Site, Nose","Site, Mouth","Site, Upper jaw","Site, Lower jaw","Site, Chin","Site, Neck","Site, Shoulder","Site, Axilla","Site, Breast","Site, Chest","Site, Abdomen","Site, Arm","Site, Elbow","Site, Forearm","Site, Wrist","Site, Hand","Site, Finger","Site, Trunk","Site, Upper back","Site, Lower back","Site, Hip","Site, Gluteal","Site, Groin","Site, Thigh","Site, Knee","Site, Leg","Site, Ankle","Site, Foot","Site, Toe",,,,,,,,,,,,,,,,,,,,,,,,,,,,,,,,,,
,"ONN, Description of wound",,finding,Description of wound,coded,,,,,,,Clean and dry,Stained,Exposed,Oozing,Other,,,,,,,,,,,,,,,,,,,,,,,,,,,,,,,,,,,,,,,,,,,,,,,,,,,,,,,,,,,,,,,,
,"ONN, Description of wound, other",,finding,"Description of wound, other",Text,,,,,,,,,,,,,,,,,,,,,,,,,,,,,,,,,,,,,,,,,,,,,,,,,,,,,,,,,,,,,,,,,,,,,,,,,,,
,"ONN, Dressing, comments",,finding,"Dressing, comments",Text,,,,,,,,,,,,,,,,,,,,,,,,,,,,,,,,,,,,,,,,,,,,,,,,,,,,,,,,,,,,,,,,,,,,,,,,,,,
,"ONN, Does the patient have a tissue expander?",,finding,Does the patient have a tissue expander?,coded,,,,,,,yes,No,,,,,,,,,,,,,,,,,,,,,,,,,,,,,,,,,,,,,,,,,,,,,,,,,,,,,,,,,,,,,,,,,,,
,"ONN, Site of tissue expander",,finding,Site of tissue expander,coded,,,,,,,"Site, Scalp","Site, Face","Site, Forehead including eyebrow","Site, Eye","Site, Ear","Site, Cheek","Site, Nose","Site, Mouth","Site, Upper jaw","Site, Lower jaw","Site, Chin","Site, Neck","Site, Shoulder","Site, Axilla","Site, Breast","Site, Chest","Site, Abdomen","Site, Arm","Site, Elbow","Site, Forearm","Site, Wrist","Site, Hand","Site, Finger","Site, Trunk","Site, Upper back","Site, Lower back","Site, Hip","Site, Gluteal","Site, Groin","Site, Thigh","Site, Knee","Site, Leg","Site, Ankle","Site, Foot","Site, Toe",,,,,,,,,,,,,,,,,,,,,,,,,,,,,,,,,,
,"ONN, Quantity injected",,finding,Quantity injected,Numeric,cc,,,,,,,,,,,,,,,,,,,,,,,,,,,,,,,,,,,,,,,,,,,,,,,,,,,,,,,,,,,,,,,,,,,,,,,,,,
,"ONN, Quantity withdrawn",,finding,Quantity withdrawn,Numeric,cc,,,,,,,,,,,,,,,,,,,,,,,,,,,,,,,,,,,,,,,,,,,,,,,,,,,,,,,,,,,,,,,,,,,,,,,,,,
,"ONN, Total volume in tissue expander",,finding,Total volume in tissue expander,Numeric,cc,,,,,,,,,,,,,,,,,,,,,,,,,,,,,,,,,,,,,,,,,,,,,,,,,,,,,,,,,,,,,,,,,,,,,,,,,,
,"ONN, Condition of tissue expander",,finding,Condition of tissue expander,Text,,,,,,,,,,,,,,,,,,,,,,,,,,,,,,,,,,,,,,,,,,,,,,,,,,,,,,,,,,,,,,,,,,,,,,,,,,,
,"ONN, Nursing consultation notes",,finding,Nursing consultation notes,Text,,,,,,,,,,,,,,,,,,,,,,,,,,,,,,,,,,,,,,,,,,,,,,,,,,,,,,,,,,,,,,,,,,,,,,,,,,,
,"PHIA, Social / Well-being Score (FDI)",,finding,Social / Well-being Score (FDI),Numeric,%,100,,,,,,,,,,,,,,,,,,,,,,,,,,,,,,,,,,,,,,,,,,,,,,,,,,,,,,,,,,,,,,,,,,,,,,,,,
